,name_of_img,lane change (0/1)
0,0061.jpg,1
1,0062.jpg,1
2,0063.jpg,1
3,0064.jpg,1
4,0065.jpg,1
5,0066.jpg,1
6,0067.jpg,1
7,0068.jpg,1
8,0069.jpg,1
9,0070.jpg,1
10,0071.jpg,1
11,0072.jpg,1
12,0073.jpg,1
13,0074.jpg,1
14,0075.jpg,1
15,0076.jpg,1
16,0077.jpg,1
17,0078.jpg,1
18,0079.jpg,1
19,0080.jpg,1
20,0111.jpg,1
21,0112.jpg,1
22,0113.jpg,1
23,0114.jpg,1
24,0115.jpg,1
25,0116.jpg,1
26,0117.jpg,1
27,0118.jpg,1
28,0119.jpg,1
29,0120.jpg,1
30,0121.jpg,1
31,0122.jpg,0
32,0123.jpg,0
33,0124.jpg,0
34,0125.jpg,0
35,0126.jpg,0
36,0127.jpg,0
37,0128.jpg,0
38,0129.jpg,0
39,0130.jpg,0
40,0131.jpg,0
41,0132.jpg,0
42,0133.jpg,0
43,0134.jpg,0
44,0135.jpg,0
45,0136.jpg,0
46,0137.jpg,0
47,0138.jpg,0
48,0139.jpg,0
49,0140.jpg,0
50,0181.jpg,1
51,0182.jpg,1
52,0183.jpg,1
53,0184.jpg,1
54,0185.jpg,1
55,0186.jpg,1
56,0187.jpg,1
57,0188.jpg,1
58,0189.jpg,1
59,0190.jpg,1
60,0191.jpg,1
61,0192.jpg,1
62,0193.jpg,1
63,0194.jpg,1
64,0195.jpg,1
65,0196.jpg,1
66,0197.jpg,1
67,0198.jpg,1
68,0199.jpg,1
69,0200.jpg,1
70,0241.jpg,1
71,0242.jpg,1
72,0243.jpg,1
73,0244.jpg,1
74,0245.jpg,1
75,0246.jpg,1
76,0247.jpg,1
77,0248.jpg,1
78,0249.jpg,1
79,0250.jpg,1
80,0251.jpg,1
81,0252.jpg,1
82,0253.jpg,1
83,0254.jpg,1
84,0255.jpg,1
85,0256.jpg,1
86,0257.jpg,1
87,0258.jpg,1
88,0259.jpg,1
89,0260.jpg,1
90,0301.jpg,1
91,0302.jpg,1
92,0303.jpg,1
93,0304.jpg,1
94,0305.jpg,1
95,0306.jpg,1
96,0307.jpg,1
97,0308.jpg,1
98,0309.jpg,1
99,0310.jpg,1
100,0311.jpg,1
101,0312.jpg,1
102,0313.jpg,1
103,0314.jpg,1
104,0315.jpg,1
105,0316.jpg,1
106,0317.jpg,1
107,0318.jpg,1
108,0319.jpg,1
109,0320.jpg,1
110,0361.jpg,0
111,0362.jpg,0
112,0363.jpg,0
113,0364.jpg,0
114,0365.jpg,0
115,0366.jpg,0
116,0367.jpg,0
117,0368.jpg,0
118,0369.jpg,0
119,0370.jpg,0
120,0371.jpg,0
121,0372.jpg,0
122,0373.jpg,0
123,0374.jpg,0
124,0375.jpg,0
125,0376.jpg,0
126,0377.jpg,0
127,0378.jpg,0
128,0379.jpg,0
129,0380.jpg,0
130,0421.jpg,1
131,0422.jpg,1
132,0423.jpg,1
133,0424.jpg,1
134,0425.jpg,1
135,0426.jpg,1
136,0427.jpg,1
137,0428.jpg,1
138,0429.jpg,1
139,0430.jpg,1
140,0431.jpg,1
141,0432.jpg,1
142,0433.jpg,1
143,0434.jpg,1
144,0435.jpg,1
145,0436.jpg,1
146,0437.jpg,1
147,0438.jpg,1
148,0439.jpg,1
149,0440.jpg,1
150,0481.jpg,1
151,0482.jpg,1
152,0483.jpg,1
153,0484.jpg,1
154,0485.jpg,1
155,0486.jpg,1
156,0487.jpg,1
157,0488.jpg,1
158,0489.jpg,1
159,0490.jpg,1
160,0491.jpg,1
161,0492.jpg,1
162,0493.jpg,1
163,0494.jpg,1
164,0495.jpg,1
165,0496.jpg,1
166,0497.jpg,1
167,0498.jpg,1
168,0499.jpg,1
169,0500.jpg,1
170,0541.jpg,1
171,0542.jpg,1
172,0543.jpg,1
173,0544.jpg,1
174,0545.jpg,1
175,0546.jpg,1
176,0547.jpg,1
177,0548.jpg,1
178,0549.jpg,1
179,0550.jpg,1
180,0551.jpg,1
181,0552.jpg,1
182,0553.jpg,1
183,0554.jpg,1
184,0555.jpg,1
185,0556.jpg,1
186,0557.jpg,1
187,0558.jpg,1
188,0559.jpg,1
189,0560.jpg,1
190,0601.jpg,1
191,0602.jpg,1
192,0603.jpg,1
193,0604.jpg,1
194,0605.jpg,1
195,0606.jpg,1
196,0607.jpg,1
197,0608.jpg,1
198,0609.jpg,1
199,0610.jpg,1
200,0611.jpg,1
201,0612.jpg,1
202,0613.jpg,1
203,0614.jpg,1
204,0615.jpg,1
205,0616.jpg,1
206,0617.jpg,1
207,0618.jpg,0
208,0619.jpg,0
209,0620.jpg,0
210,0661.jpg,0
211,0662.jpg,0
212,0663.jpg,0
213,0664.jpg,0
214,0665.jpg,0
215,0666.jpg,0
216,0667.jpg,0
217,0668.jpg,1
218,0669.jpg,0
219,0670.jpg,0
220,0671.jpg,0
221,0672.jpg,1
222,0673.jpg,1
223,0674.jpg,1
224,0675.jpg,1
225,0676.jpg,1
226,0677.jpg,1
227,0678.jpg,1
228,0679.jpg,1
229,0680.jpg,1
230,0721.jpg,1
231,0722.jpg,1
232,0723.jpg,1
233,0724.jpg,1
234,0725.jpg,1
235,0726.jpg,1
236,0727.jpg,1
237,0728.jpg,1
238,0729.jpg,1
239,0730.jpg,1
240,0731.jpg,1
241,0732.jpg,1
242,0733.jpg,1
243,0734.jpg,1
244,0735.jpg,1
245,0736.jpg,1
246,0737.jpg,1
247,0738.jpg,1
248,0739.jpg,1
249,0740.jpg,1
250,0781.jpg,1
251,0782.jpg,1
252,0783.jpg,1
253,0784.jpg,1
254,0785.jpg,1
255,0786.jpg,1
256,0787.jpg,1
257,0788.jpg,1
258,0789.jpg,1
259,0790.jpg,1
260,0791.jpg,1
261,0792.jpg,1
262,0793.jpg,1
263,0794.jpg,1
264,0795.jpg,1
265,0796.jpg,1
266,0797.jpg,1
267,0798.jpg,1
268,0799.jpg,1
269,0800.jpg,1
270,0841.jpg,1
271,0842.jpg,1
272,0843.jpg,1
273,0844.jpg,1
274,0845.jpg,1
275,0846.jpg,1
276,0847.jpg,1
277,0848.jpg,1
278,0849.jpg,1
279,0850.jpg,1
280,0851.jpg,1
281,0852.jpg,1
282,0853.jpg,1
283,0854.jpg,1
284,0855.jpg,1
285,0856.jpg,1
286,0857.jpg,1
287,0858.jpg,1
288,0859.jpg,1
289,0860.jpg,1
290,0901.jpg,1
291,0902.jpg,1
292,0903.jpg,1
293,0904.jpg,1
294,0905.jpg,1
295,0906.jpg,1
296,0907.jpg,1
297,0908.jpg,1
298,0909.jpg,1
299,0910.jpg,1
300,0911.jpg,1
301,0912.jpg,1
302,0913.jpg,1
303,0914.jpg,1
304,0915.jpg,1
305,0916.jpg,1
306,0917.jpg,1
307,0918.jpg,1
308,0919.jpg,1
309,0920.jpg,1
310,0961.jpg,1
311,0962.jpg,1
312,0963.jpg,1
313,0964.jpg,1
314,0965.jpg,1
315,0966.jpg,1
316,0967.jpg,1
317,0968.jpg,1
318,0969.jpg,1
319,0970.jpg,1
320,0971.jpg,1
321,0972.jpg,1
322,0973.jpg,1
323,0974.jpg,1
324,0975.jpg,1
325,0976.jpg,1
326,0977.jpg,1
327,0978.jpg,1
328,0979.jpg,1
329,0980.jpg,1
330,1021.jpg,1
331,1022.jpg,1
332,1023.jpg,1
333,1024.jpg,1
334,1025.jpg,1
335,1026.jpg,1
336,1027.jpg,0
337,1028.jpg,0
338,1029.jpg,0
339,1030.jpg,0
340,1031.jpg,0
341,1032.jpg,0
342,1033.jpg,0
343,1034.jpg,0
344,1035.jpg,0
345,1036.jpg,0
346,1037.jpg,0
347,1038.jpg,0
348,1039.jpg,0
349,1040.jpg,0
350,1081.jpg,1
351,1082.jpg,1
352,1083.jpg,0
353,1084.jpg,0
354,1085.jpg,0
355,1086.jpg,1
356,1087.jpg,0
357,1088.jpg,0
358,1089.jpg,0
359,1090.jpg,0
360,1091.jpg,0
361,1092.jpg,0
362,1093.jpg,0
363,1094.jpg,0
364,1095.jpg,0
365,1096.jpg,0
366,1097.jpg,0
367,1098.jpg,0
368,1099.jpg,0
369,1100.jpg,0
370,1141.jpg,1
371,1142.jpg,0
372,1143.jpg,0
373,1144.jpg,0
374,1145.jpg,1
375,1146.jpg,1
376,1147.jpg,1
377,1148.jpg,1
378,1149.jpg,1
379,1150.jpg,1
380,1151.jpg,1
381,1152.jpg,1
382,1153.jpg,1
383,1154.jpg,1
384,1155.jpg,1
385,1156.jpg,1
386,1157.jpg,1
387,1158.jpg,1
388,1159.jpg,1
389,1160.jpg,1
390,1201.jpg,0
391,1202.jpg,0
392,1203.jpg,0
393,1204.jpg,0
394,1205.jpg,0
395,1206.jpg,0
396,1207.jpg,0
397,1208.jpg,0
398,1209.jpg,0
399,1210.jpg,0
400,1211.jpg,0
401,1212.jpg,0
402,1213.jpg,0
403,1214.jpg,0
404,1215.jpg,0
405,1216.jpg,0
406,1217.jpg,0
407,1218.jpg,0
408,1219.jpg,0
409,1220.jpg,0
410,1261.jpg,0
411,1262.jpg,0
412,1263.jpg,0
413,1264.jpg,0
414,1265.jpg,0
415,1266.jpg,0
416,1267.jpg,0
417,1268.jpg,0
418,1269.jpg,0
419,1270.jpg,0
420,1271.jpg,0
421,1272.jpg,0
422,1273.jpg,0
423,1274.jpg,0
424,1275.jpg,0
425,1276.jpg,0
426,1277.jpg,0
427,1278.jpg,0
428,1279.jpg,0
429,1280.jpg,0
430,1321.jpg,0
431,1322.jpg,0
432,1323.jpg,0
433,1324.jpg,0
434,1325.jpg,0
435,1326.jpg,0
436,1327.jpg,0
437,1328.jpg,0
438,1329.jpg,0
439,1330.jpg,0
440,1331.jpg,0
441,1332.jpg,0
442,1333.jpg,0
443,1334.jpg,0
444,1335.jpg,0
445,1336.jpg,0
446,1337.jpg,0
447,1338.jpg,0
448,1339.jpg,0
449,1340.jpg,0
450,1381.jpg,0
451,1382.jpg,0
452,1383.jpg,0
453,1384.jpg,0
454,1385.jpg,0
455,1386.jpg,0
456,1387.jpg,0
457,1388.jpg,0
458,1389.jpg,0
459,1390.jpg,0
460,1391.jpg,0
461,1392.jpg,0
462,1393.jpg,0
463,1394.jpg,0
464,1395.jpg,0
465,1396.jpg,0
466,1397.jpg,0
467,1398.jpg,0
468,1399.jpg,0
469,1400.jpg,0
470,1441.jpg,0
471,1442.jpg,0
472,1443.jpg,0
473,1444.jpg,0
474,1445.jpg,0
475,1446.jpg,0
476,1447.jpg,0
477,1448.jpg,0
478,1449.jpg,0
479,1450.jpg,0
480,1451.jpg,0
481,1452.jpg,0
482,1453.jpg,0
483,1454.jpg,0
484,1455.jpg,0
485,1456.jpg,0
486,1457.jpg,0
487,1458.jpg,0
488,1459.jpg,0
489,1460.jpg,0
490,1501.jpg,0
491,1502.jpg,0
492,1503.jpg,0
493,1504.jpg,0
494,1505.jpg,0
495,1506.jpg,0
496,1507.jpg,0
497,1508.jpg,0
498,1509.jpg,0
499,1510.jpg,0
500,1511.jpg,0
501,1512.jpg,0
502,1513.jpg,0
503,1514.jpg,0
504,1515.jpg,0
505,1516.jpg,0
506,1517.jpg,0
507,1518.jpg,0
508,1519.jpg,0
509,1520.jpg,0
510,1561.jpg,0
511,1562.jpg,0
512,1563.jpg,0
513,1564.jpg,0
514,1565.jpg,0
515,1566.jpg,0
516,1567.jpg,0
517,1568.jpg,0
518,1569.jpg,0
519,1570.jpg,0
520,1571.jpg,0
521,1572.jpg,0
522,1573.jpg,0
523,1574.jpg,0
524,1575.jpg,0
525,1576.jpg,0
526,1577.jpg,0
527,1578.jpg,0
528,1579.jpg,0
529,1580.jpg,0
530,1621.jpg,0
531,1622.jpg,0
532,1623.jpg,0
533,1624.jpg,0
534,1625.jpg,0
535,1626.jpg,0
536,1627.jpg,0
537,1628.jpg,0
538,1629.jpg,0
539,1630.jpg,0
540,1631.jpg,0
541,1632.jpg,0
542,1633.jpg,0
543,1634.jpg,0
544,1635.jpg,0
545,1636.jpg,0
546,1637.jpg,0
547,1638.jpg,0
548,1639.jpg,0
549,1640.jpg,0
550,1681.jpg,0
551,1682.jpg,0
552,1683.jpg,0
553,1684.jpg,0
554,1685.jpg,0
555,1686.jpg,0
556,1687.jpg,0
557,1688.jpg,0
558,1689.jpg,0
559,1690.jpg,0
560,1691.jpg,0
561,1692.jpg,0
562,1693.jpg,0
563,1694.jpg,0
564,1695.jpg,0
565,1696.jpg,0
566,1697.jpg,0
567,1698.jpg,0
568,1699.jpg,0
569,1700.jpg,0
570,1741.jpg,0
571,1742.jpg,0
572,1743.jpg,0
573,1744.jpg,0
574,1745.jpg,0
575,1746.jpg,0
576,1747.jpg,0
577,1748.jpg,0
578,1749.jpg,0
579,1750.jpg,0
580,1751.jpg,0
581,1752.jpg,0
582,1753.jpg,0
583,1754.jpg,0
584,1755.jpg,0
585,1756.jpg,0
586,1757.jpg,0
587,1758.jpg,0
588,1759.jpg,0
589,1760.jpg,0
590,1801.jpg,0
591,1802.jpg,0
592,1803.jpg,0
593,1804.jpg,0
594,1805.jpg,0
595,1806.jpg,0
596,1807.jpg,0
597,1808.jpg,0
598,1809.jpg,0
599,1810.jpg,0
600,1811.jpg,0
601,1812.jpg,0
602,1813.jpg,0
603,1814.jpg,0
604,1815.jpg,0
605,1816.jpg,0
606,1817.jpg,0
607,1818.jpg,0
608,1819.jpg,0
609,1820.jpg,0
610,1861.jpg,0
611,1862.jpg,0
612,1863.jpg,0
613,1864.jpg,0
614,1865.jpg,0
615,1866.jpg,0
616,1867.jpg,0
617,1868.jpg,0
618,1869.jpg,0
619,1870.jpg,0
620,1871.jpg,0
621,1872.jpg,0
622,1873.jpg,0
623,1874.jpg,0
624,1875.jpg,0
625,1876.jpg,0
626,1877.jpg,0
627,1878.jpg,0
628,1879.jpg,0
629,1880.jpg,0
630,1921.jpg,0
631,1922.jpg,0
632,1923.jpg,0
633,1924.jpg,0
634,1925.jpg,0
635,1926.jpg,0
636,1927.jpg,0
637,1928.jpg,0
638,1929.jpg,0
639,1930.jpg,0
640,1931.jpg,0
641,1932.jpg,0
642,1933.jpg,0
643,1934.jpg,0
644,1935.jpg,0
645,1936.jpg,0
646,1937.jpg,0
647,1938.jpg,0
648,1939.jpg,0
649,1940.jpg,0
650,1981.jpg,0
651,1982.jpg,0
652,1983.jpg,0
653,1984.jpg,0
654,1985.jpg,0
655,1986.jpg,0
656,1987.jpg,0
657,1988.jpg,0
658,1989.jpg,0
659,1990.jpg,0
660,1991.jpg,0
661,1992.jpg,0
662,1993.jpg,0
663,1994.jpg,0
664,1995.jpg,0
665,1996.jpg,0
666,1997.jpg,0
667,1998.jpg,0
668,1999.jpg,0
669,2000.jpg,0
670,2041.jpg,0
671,2042.jpg,0
672,2043.jpg,0
673,2044.jpg,0
674,2045.jpg,0
675,2046.jpg,0
676,2047.jpg,0
677,2048.jpg,0
678,2049.jpg,0
679,2050.jpg,0
680,2051.jpg,0
681,2052.jpg,0
682,2053.jpg,0
683,2054.jpg,0
684,2055.jpg,0
685,2056.jpg,0
686,2057.jpg,0
687,2058.jpg,0
688,2059.jpg,0
689,2060.jpg,0
690,2101.jpg,0
691,2102.jpg,0
692,2103.jpg,0
693,2104.jpg,0
694,2105.jpg,0
695,2106.jpg,0
696,2107.jpg,0
697,2108.jpg,0
698,2109.jpg,0
699,2110.jpg,0
700,2111.jpg,0
701,2112.jpg,0
702,2113.jpg,0
703,2114.jpg,0
704,2115.jpg,0
705,2116.jpg,0
706,2117.jpg,0
707,2118.jpg,0
708,2119.jpg,0
709,2120.jpg,0
710,2161.jpg,0
711,2162.jpg,0
712,2163.jpg,0
713,2164.jpg,0
714,2165.jpg,0
715,2166.jpg,0
716,2167.jpg,0
717,2168.jpg,0
718,2169.jpg,0
719,2170.jpg,0
720,2171.jpg,0
721,2172.jpg,0
722,2173.jpg,0
723,2174.jpg,0
724,2175.jpg,0
725,2176.jpg,0
726,2177.jpg,0
727,2178.jpg,0
728,2179.jpg,0
729,2180.jpg,0
730,2221.jpg,0
731,2222.jpg,0
732,2223.jpg,0
733,2224.jpg,0
734,2225.jpg,0
735,2226.jpg,0
736,2227.jpg,0
737,2228.jpg,0
738,2229.jpg,0
739,2230.jpg,0
740,2231.jpg,0
741,2232.jpg,0
742,2233.jpg,0
743,2234.jpg,0
744,2235.jpg,0
745,2236.jpg,0
746,2237.jpg,0
747,2238.jpg,0
748,2239.jpg,0
749,2240.jpg,0
750,2281.jpg,0
751,2282.jpg,0
752,2283.jpg,0
753,2284.jpg,0
754,2285.jpg,0
755,2286.jpg,0
756,2287.jpg,0
757,2288.jpg,0
758,2289.jpg,0
759,2290.jpg,0
760,2291.jpg,0
761,2292.jpg,0
762,2293.jpg,0
763,2294.jpg,0
764,2295.jpg,0
765,2296.jpg,0
766,2297.jpg,0
767,2298.jpg,0
768,2299.jpg,0
769,2300.jpg,0
770,2341.jpg,0
771,2342.jpg,0
772,2343.jpg,0
773,2344.jpg,0
774,2345.jpg,0
775,2346.jpg,0
776,2347.jpg,0
777,2348.jpg,0
778,2349.jpg,0
779,2350.jpg,0
780,2351.jpg,0
781,2352.jpg,0
782,2353.jpg,0
783,2354.jpg,0
784,2355.jpg,0
785,2356.jpg,0
786,2357.jpg,0
787,2358.jpg,0
788,2359.jpg,0
789,2360.jpg,0
790,2401.jpg,0
791,2402.jpg,0
792,2403.jpg,0
793,2404.jpg,0
794,2405.jpg,0
795,2406.jpg,0
796,2407.jpg,0
797,2408.jpg,0
798,2409.jpg,0
799,2410.jpg,0
800,2411.jpg,0
801,2412.jpg,0
802,2413.jpg,0
803,2414.jpg,0
804,2415.jpg,0
805,2416.jpg,0
806,2417.jpg,0
807,2418.jpg,0
808,2419.jpg,0
809,2420.jpg,0
810,2461.jpg,0
811,2462.jpg,0
812,2463.jpg,0
813,2464.jpg,0
814,2465.jpg,0
815,2466.jpg,0
816,2467.jpg,0
817,2468.jpg,0
818,2469.jpg,0
819,2470.jpg,0
820,2471.jpg,0
821,2472.jpg,0
822,2473.jpg,0
823,2474.jpg,0
824,2475.jpg,0
825,2476.jpg,0
826,2477.jpg,0
827,2478.jpg,0
828,2479.jpg,0
829,2480.jpg,0
830,2521.jpg,0
831,2522.jpg,0
832,2523.jpg,0
833,2524.jpg,0
834,2525.jpg,0
835,2526.jpg,0
836,2527.jpg,0
837,2528.jpg,0
838,2529.jpg,0
839,2530.jpg,0
840,2531.jpg,0
841,2532.jpg,0
842,2533.jpg,0
843,2534.jpg,0
844,2535.jpg,0
845,2536.jpg,0
846,2537.jpg,0
847,2538.jpg,0
848,2539.jpg,0
849,2540.jpg,0
850,2581.jpg,0
851,2582.jpg,0
852,2583.jpg,0
853,2584.jpg,0
854,2585.jpg,0
855,2586.jpg,0
856,2587.jpg,0
857,2588.jpg,0
858,2589.jpg,0
859,2590.jpg,0
860,2591.jpg,0
861,2592.jpg,0
862,2593.jpg,0
863,2594.jpg,0
864,2595.jpg,0
865,2596.jpg,0
866,2597.jpg,0
867,2598.jpg,0
868,2599.jpg,0
869,2600.jpg,0
870,2641.jpg,0
871,2642.jpg,0
872,2643.jpg,0
873,2644.jpg,0
874,2645.jpg,0
875,2646.jpg,0
876,2647.jpg,0
877,2648.jpg,0
878,2649.jpg,0
879,2650.jpg,0
880,2651.jpg,0
881,2652.jpg,0
882,2653.jpg,0
883,2654.jpg,0
884,2655.jpg,0
885,2656.jpg,0
886,2657.jpg,0
887,2658.jpg,0
888,2659.jpg,0
889,2660.jpg,0
890,2701.jpg,0
891,2702.jpg,0
892,2703.jpg,0
893,2704.jpg,0
894,2705.jpg,0
895,2706.jpg,0
896,2707.jpg,0
897,2708.jpg,0
898,2709.jpg,0
899,2710.jpg,0
900,2711.jpg,0
901,2712.jpg,0
902,2713.jpg,0
903,2714.jpg,0
904,2715.jpg,0
905,2716.jpg,0
906,2717.jpg,0
907,2718.jpg,0
908,2719.jpg,0
909,2720.jpg,0
910,2761.jpg,0
911,2762.jpg,0
912,2763.jpg,0
913,2764.jpg,0
914,2765.jpg,0
915,2766.jpg,0
916,2767.jpg,0
917,2768.jpg,0
918,2769.jpg,0
919,2770.jpg,0
920,2771.jpg,0
921,2772.jpg,0
922,2773.jpg,0
923,2774.jpg,0
924,2775.jpg,0
925,2776.jpg,0
926,2777.jpg,0
927,2778.jpg,0
928,2779.jpg,0
929,2780.jpg,0
930,2821.jpg,0
931,2822.jpg,0
932,2823.jpg,0
933,2824.jpg,0
934,2825.jpg,0
935,2826.jpg,0
936,2827.jpg,0
937,2828.jpg,0
938,2829.jpg,0
939,2830.jpg,0
940,2831.jpg,0
941,2832.jpg,0
942,2833.jpg,0
943,2834.jpg,0
944,2835.jpg,0
945,2836.jpg,0
946,2837.jpg,0
947,2838.jpg,0
948,2839.jpg,0
949,2840.jpg,0
950,2881.jpg,0
951,2882.jpg,0
952,2883.jpg,0
953,2884.jpg,0
954,2885.jpg,0
955,2886.jpg,0
956,2887.jpg,0
957,2888.jpg,0
958,2889.jpg,0
959,2890.jpg,0
960,2891.jpg,0
961,2892.jpg,0
962,2893.jpg,0
963,2894.jpg,0
964,2895.jpg,0
965,2896.jpg,0
966,2897.jpg,0
967,2898.jpg,0
968,2899.jpg,0
969,2900.jpg,0
970,2941.jpg,0
971,2942.jpg,0
972,2943.jpg,0
973,2944.jpg,0
974,2945.jpg,0
975,2946.jpg,0
976,2947.jpg,0
977,2948.jpg,0
978,2949.jpg,0
979,2950.jpg,0
980,2951.jpg,0
981,2952.jpg,0
982,2953.jpg,0
983,2954.jpg,0
984,2955.jpg,0
985,2956.jpg,0
986,2957.jpg,0
987,2958.jpg,0
988,2959.jpg,0
989,2960.jpg,0
990,3001.jpg,0
991,3002.jpg,0
992,3003.jpg,0
993,3004.jpg,0
994,3005.jpg,0
995,3006.jpg,0
996,3007.jpg,0
997,3008.jpg,0
998,3009.jpg,0
999,3010.jpg,0
1000,3011.jpg,0
1001,3012.jpg,0
1002,3013.jpg,0
1003,3014.jpg,0
1004,3015.jpg,0
1005,3016.jpg,0
1006,3017.jpg,0
1007,3018.jpg,0
1008,3019.jpg,0
1009,3020.jpg,0
1010,3061.jpg,0
1011,3062.jpg,0
1012,3063.jpg,0
1013,3064.jpg,0
1014,3065.jpg,0
1015,3066.jpg,0
1016,3067.jpg,0
1017,3068.jpg,0
1018,3069.jpg,0
1019,3070.jpg,0
1020,3071.jpg,0
1021,3072.jpg,0
1022,3073.jpg,0
1023,3074.jpg,0
1024,3075.jpg,0
1025,3076.jpg,0
1026,3077.jpg,0
1027,3078.jpg,0
1028,3079.jpg,0
1029,3080.jpg,0
1030,3121.jpg,0
1031,3122.jpg,0
1032,3123.jpg,0
1033,3124.jpg,0
1034,3125.jpg,0
1035,3126.jpg,0
1036,3127.jpg,0
1037,3128.jpg,0
1038,3129.jpg,0
1039,3130.jpg,0
1040,3131.jpg,0
1041,3132.jpg,0
1042,3133.jpg,0
1043,3134.jpg,0
1044,3135.jpg,0
1045,3136.jpg,0
1046,3137.jpg,0
1047,3138.jpg,0
1048,3139.jpg,0
1049,3140.jpg,0
1050,3181.jpg,0
1051,3182.jpg,0
1052,3183.jpg,0
1053,3184.jpg,0
1054,3185.jpg,0
1055,3186.jpg,0
1056,3187.jpg,0
1057,3188.jpg,0
1058,3189.jpg,0
1059,3190.jpg,0
1060,3191.jpg,0
1061,3192.jpg,0
1062,3193.jpg,0
1063,3194.jpg,0
1064,3195.jpg,0
1065,3196.jpg,0
1066,3197.jpg,0
1067,3198.jpg,0
1068,3199.jpg,0
1069,3200.jpg,0
1070,3241.jpg,0
1071,3242.jpg,0
1072,3243.jpg,0
1073,3244.jpg,0
1074,3245.jpg,0
1075,3246.jpg,0
1076,3247.jpg,0
1077,3248.jpg,0
1078,3249.jpg,0
1079,3250.jpg,0
1080,3251.jpg,0
1081,3252.jpg,0
1082,3253.jpg,0
1083,3254.jpg,0
1084,3255.jpg,0
1085,3256.jpg,0
1086,3257.jpg,0
1087,3258.jpg,0
1088,3259.jpg,0
1089,3260.jpg,0
1090,3301.jpg,0
1091,3302.jpg,0
1092,3303.jpg,0
1093,3304.jpg,0
1094,3305.jpg,0
1095,3306.jpg,0
1096,3307.jpg,0
1097,3308.jpg,0
1098,3309.jpg,0
1099,3310.jpg,0
1100,3311.jpg,0
1101,3312.jpg,0
1102,3313.jpg,0
1103,3314.jpg,0
1104,3315.jpg,0
1105,3316.jpg,0
1106,3317.jpg,0
1107,3318.jpg,0
1108,3319.jpg,0
1109,3320.jpg,0
1110,3361.jpg,0
1111,3362.jpg,0
1112,3363.jpg,0
1113,3364.jpg,0
1114,3365.jpg,0
1115,3366.jpg,0
1116,3367.jpg,0
1117,3368.jpg,0
1118,3369.jpg,0
1119,3370.jpg,0
1120,3371.jpg,0
1121,3372.jpg,0
1122,3373.jpg,0
1123,3374.jpg,0
1124,3375.jpg,0
1125,3376.jpg,0
1126,3377.jpg,0
1127,3378.jpg,0
1128,3379.jpg,0
1129,3380.jpg,0
1130,3421.jpg,0
1131,3422.jpg,0
1132,3423.jpg,0
1133,3424.jpg,0
1134,3425.jpg,0
1135,3426.jpg,0
1136,3427.jpg,0
1137,3428.jpg,0
1138,3429.jpg,0
1139,3430.jpg,0
1140,3431.jpg,0
1141,3432.jpg,0
1142,3433.jpg,0
1143,3434.jpg,0
1144,3435.jpg,0
1145,3436.jpg,0
1146,3437.jpg,0
1147,3438.jpg,0
1148,3439.jpg,0
1149,3440.jpg,0
1150,3481.jpg,0
1151,3482.jpg,0
1152,3483.jpg,0
1153,3484.jpg,0
1154,3485.jpg,0
1155,3486.jpg,0
1156,3487.jpg,0
1157,3488.jpg,0
1158,3489.jpg,0
1159,3490.jpg,0
1160,3491.jpg,0
1161,3492.jpg,0
1162,3493.jpg,0
1163,3494.jpg,0
1164,3495.jpg,0
1165,3496.jpg,0
1166,3497.jpg,0
1167,3498.jpg,0
1168,3499.jpg,0
1169,3500.jpg,0
1170,3541.jpg,0
1171,3542.jpg,0
1172,3543.jpg,0
1173,3544.jpg,0
1174,3545.jpg,0
1175,3546.jpg,0
1176,3547.jpg,0
1177,3548.jpg,0
1178,3549.jpg,0
1179,3550.jpg,0
1180,3551.jpg,0
1181,3552.jpg,0
1182,3553.jpg,0
1183,3554.jpg,0
1184,3555.jpg,0
1185,3556.jpg,0
1186,3557.jpg,0
1187,3558.jpg,0
1188,3559.jpg,0
1189,3560.jpg,0
1190,3601.jpg,0
1191,3602.jpg,0
1192,3603.jpg,0
1193,3604.jpg,0
1194,3605.jpg,0
1195,3606.jpg,0
1196,3607.jpg,0
1197,3608.jpg,0
1198,3609.jpg,0
1199,3610.jpg,0
1200,3611.jpg,0
1201,3612.jpg,0
1202,3613.jpg,0
1203,3614.jpg,0
1204,3615.jpg,0
1205,3616.jpg,0
1206,3617.jpg,0
1207,3618.jpg,0
1208,3619.jpg,0
1209,3620.jpg,0
1210,3661.jpg,0
1211,3662.jpg,0
1212,3663.jpg,0
1213,3664.jpg,0
1214,3665.jpg,0
1215,3666.jpg,0
1216,3667.jpg,0
1217,3668.jpg,0
1218,3669.jpg,0
1219,3670.jpg,0
1220,3671.jpg,0
1221,3672.jpg,0
1222,3673.jpg,0
1223,3674.jpg,0
1224,3675.jpg,0
1225,3676.jpg,0
1226,3677.jpg,0
1227,3678.jpg,0
1228,3679.jpg,0
1229,3680.jpg,0
1230,3721.jpg,0
1231,3722.jpg,0
1232,3723.jpg,0
1233,3724.jpg,0
1234,3725.jpg,0
1235,3726.jpg,0
1236,3727.jpg,0
1237,3728.jpg,0
1238,3729.jpg,0
1239,3730.jpg,0
1240,3731.jpg,0
1241,3732.jpg,0
1242,3733.jpg,0
1243,3734.jpg,0
1244,3735.jpg,0
1245,3736.jpg,0
1246,3737.jpg,0
1247,3738.jpg,0
1248,3739.jpg,0
1249,3740.jpg,0
1250,3781.jpg,0
1251,3782.jpg,0
1252,3783.jpg,0
1253,3784.jpg,0
1254,3785.jpg,0
1255,3786.jpg,0
1256,3787.jpg,0
1257,3788.jpg,0
1258,3789.jpg,0
1259,3790.jpg,0
1260,3791.jpg,0
1261,3792.jpg,0
1262,3793.jpg,0
1263,3794.jpg,0
1264,3795.jpg,0
1265,3796.jpg,0
1266,3797.jpg,0
1267,3798.jpg,0
1268,3799.jpg,0
1269,3800.jpg,0
1270,3841.jpg,0
1271,3842.jpg,0
1272,3843.jpg,0
1273,3844.jpg,0
1274,3845.jpg,0
1275,3846.jpg,0
1276,3847.jpg,0
1277,3848.jpg,0
1278,3849.jpg,0
1279,3850.jpg,0
1280,3851.jpg,0
1281,3852.jpg,0
1282,3853.jpg,0
1283,3854.jpg,0
1284,3855.jpg,0
1285,3856.jpg,0
1286,3857.jpg,0
1287,3858.jpg,0
1288,3859.jpg,0
1289,3860.jpg,0
1290,3901.jpg,0
1291,3902.jpg,0
1292,3903.jpg,0
1293,3904.jpg,0
1294,3905.jpg,0
1295,3906.jpg,0
1296,3907.jpg,0
1297,3908.jpg,0
1298,3909.jpg,0
1299,3910.jpg,0
1300,3911.jpg,0
1301,3912.jpg,0
1302,3913.jpg,0
1303,3914.jpg,0
1304,3915.jpg,0
1305,3916.jpg,0
1306,3917.jpg,0
1307,3918.jpg,0
1308,3919.jpg,0
1309,3920.jpg,0
1310,3921.jpg,0
1311,3922.jpg,0
1312,3923.jpg,0
1313,3924.jpg,0
1314,3925.jpg,0
1315,3926.jpg,0
1316,3927.jpg,0
1317,3928.jpg,0
1318,3929.jpg,0
1319,3930.jpg,0
1320,3931.jpg,0
1321,3932.jpg,0
1322,3933.jpg,0
1323,3934.jpg,0
1324,3935.jpg,0
1325,3936.jpg,0
1326,3937.jpg,0
1327,3938.jpg,0
1328,3939.jpg,0
1329,3940.jpg,0
1330,3941.jpg,0
1331,3942.jpg,0
1332,3943.jpg,0
1333,3944.jpg,0
1334,3945.jpg,0
1335,3946.jpg,0
1336,3947.jpg,0
1337,3948.jpg,0
1338,3949.jpg,0
1339,3950.jpg,0
1340,3951.jpg,0
1341,3952.jpg,0
1342,3953.jpg,0
1343,3954.jpg,0
1344,3955.jpg,0
1345,3956.jpg,0
1346,3957.jpg,0
1347,3958.jpg,0
1348,3959.jpg,0
1349,3960.jpg,0
1350,3961.jpg,0
1351,3962.jpg,0
1352,3963.jpg,0
1353,3964.jpg,0
1354,3965.jpg,0
1355,3966.jpg,0
1356,3967.jpg,0
1357,3968.jpg,0
1358,3969.jpg,0
1359,3970.jpg,0
1360,3971.jpg,0
1361,3972.jpg,0
1362,3973.jpg,0
1363,3974.jpg,0
1364,3975.jpg,0
1365,3976.jpg,0
1366,3977.jpg,0
1367,3978.jpg,0
1368,3979.jpg,0
1369,3980.jpg,0
1370,3981.jpg,0
1371,3982.jpg,0
1372,3983.jpg,0
1373,3984.jpg,0
1374,3985.jpg,0
1375,3986.jpg,0
1376,3987.jpg,0
1377,3988.jpg,0
1378,3989.jpg,0
1379,3990.jpg,0
1380,3991.jpg,0
1381,3992.jpg,0
1382,3993.jpg,0
1383,3994.jpg,0
1384,3995.jpg,0
1385,3996.jpg,0
1386,3997.jpg,0
1387,3998.jpg,0
1388,3999.jpg,0
1389,4000.jpg,0
1390,4001.jpg,0
1391,4002.jpg,0
1392,4003.jpg,0
1393,4004.jpg,0
1394,4005.jpg,0
1395,4006.jpg,0
1396,4007.jpg,0
1397,4008.jpg,0
1398,4009.jpg,0
1399,4010.jpg,0
1400,4011.jpg,0
1401,4012.jpg,0
1402,4013.jpg,0
1403,4014.jpg,0
1404,4015.jpg,0
1405,4016.jpg,0
1406,4017.jpg,0
1407,4018.jpg,0
1408,4019.jpg,0
1409,4020.jpg,0
1410,4021.jpg,0
1411,4022.jpg,0
1412,4023.jpg,0
1413,4024.jpg,0
1414,4025.jpg,0
1415,4026.jpg,0
1416,4027.jpg,0
1417,4028.jpg,0
1418,4029.jpg,0
1419,4030.jpg,0
1420,4031.jpg,0
1421,4032.jpg,0
1422,4033.jpg,0
1423,4034.jpg,0
1424,4035.jpg,0
1425,4036.jpg,0
1426,4037.jpg,0
1427,4038.jpg,0
1428,4039.jpg,0
1429,4040.jpg,0
1430,4041.jpg,0
1431,4042.jpg,0
1432,4043.jpg,0
1433,4044.jpg,0
1434,4045.jpg,0
1435,4046.jpg,0
1436,4047.jpg,0
1437,4048.jpg,0
1438,4049.jpg,0
1439,4050.jpg,0
1440,4051.jpg,0
1441,4052.jpg,0
1442,4053.jpg,0
1443,4054.jpg,0
1444,4055.jpg,0
1445,4056.jpg,0
1446,4057.jpg,0
1447,4058.jpg,0
1448,4059.jpg,0
1449,4060.jpg,0
1450,4061.jpg,0
1451,4062.jpg,0
1452,4063.jpg,0
1453,4064.jpg,0
1454,4065.jpg,0
1455,4066.jpg,0
1456,4067.jpg,0
1457,4068.jpg,0
1458,4069.jpg,0
1459,4070.jpg,0
1460,4071.jpg,0
1461,4072.jpg,0
1462,4073.jpg,0
1463,4074.jpg,0
1464,4075.jpg,0
1465,4076.jpg,0
1466,4077.jpg,0
1467,4078.jpg,0
1468,4079.jpg,0
1469,4080.jpg,0
1470,4081.jpg,0
1471,4082.jpg,0
1472,4083.jpg,0
1473,4084.jpg,0
1474,4085.jpg,0
1475,4086.jpg,0
1476,4087.jpg,0
1477,4088.jpg,0
1478,4089.jpg,0
1479,4090.jpg,0
1480,4091.jpg,0
1481,4092.jpg,0
1482,4093.jpg,0
1483,4094.jpg,0
1484,4095.jpg,0
1485,4096.jpg,0
1486,4097.jpg,0
1487,4098.jpg,0
1488,4099.jpg,0
1489,4100.jpg,0
1490,4101.jpg,0
1491,4102.jpg,0
1492,4103.jpg,0
1493,4104.jpg,0
1494,4105.jpg,0
1495,4106.jpg,0
1496,4107.jpg,0
1497,4108.jpg,0
1498,4109.jpg,0
1499,4110.jpg,0
1500,4111.jpg,0
1501,4112.jpg,0
1502,4113.jpg,0
1503,4114.jpg,0
1504,4115.jpg,0
1505,4116.jpg,0
1506,4117.jpg,0
1507,4118.jpg,0
1508,4119.jpg,0
1509,4120.jpg,0
1510,4121.jpg,0
1511,4122.jpg,0
1512,4123.jpg,0
1513,4124.jpg,0
1514,4125.jpg,0
1515,4126.jpg,0
1516,4127.jpg,0
1517,4128.jpg,0
1518,4129.jpg,0
1519,4130.jpg,0
1520,4131.jpg,0
1521,4132.jpg,0
1522,4133.jpg,0
1523,4134.jpg,0
1524,4135.jpg,0
1525,4136.jpg,0
1526,4137.jpg,0
1527,4138.jpg,0
1528,4139.jpg,0
1529,4140.jpg,0
1530,4141.jpg,0
1531,4142.jpg,0
1532,4143.jpg,0
1533,4144.jpg,0
1534,4145.jpg,0
1535,4146.jpg,0
1536,4147.jpg,0
1537,4148.jpg,0
1538,4149.jpg,0
1539,4150.jpg,0
1540,4151.jpg,0
1541,4152.jpg,0
1542,4153.jpg,0
1543,4154.jpg,0
1544,4155.jpg,0
1545,4156.jpg,0
1546,4157.jpg,0
1547,4158.jpg,0
1548,4159.jpg,0
1549,4160.jpg,0
1550,4161.jpg,0
1551,4162.jpg,0
1552,4163.jpg,0
1553,4164.jpg,0
1554,4165.jpg,0
1555,4166.jpg,0
1556,4167.jpg,0
1557,4168.jpg,0
1558,4169.jpg,0
1559,4170.jpg,0
1560,4171.jpg,0
1561,4172.jpg,0
1562,4173.jpg,0
1563,4174.jpg,0
1564,4175.jpg,0
1565,4176.jpg,0
1566,4177.jpg,0
1567,4178.jpg,0
1568,4179.jpg,0
1569,4180.jpg,0
1570,4181.jpg,0
1571,4182.jpg,0
1572,4183.jpg,0
1573,4184.jpg,0
1574,4185.jpg,0
1575,4186.jpg,0
1576,4187.jpg,0
1577,4188.jpg,0
1578,4189.jpg,0
1579,4190.jpg,0
1580,4191.jpg,0
1581,4192.jpg,0
1582,4193.jpg,0
1583,4194.jpg,0
1584,4195.jpg,0
1585,4196.jpg,0
1586,4197.jpg,0
1587,4198.jpg,0
1588,4199.jpg,0
1589,4200.jpg,0
1590,4201.jpg,0
1591,4202.jpg,0
1592,4203.jpg,0
1593,4204.jpg,0
1594,4205.jpg,0
1595,4206.jpg,0
1596,4207.jpg,0
1597,4208.jpg,0
1598,4209.jpg,0
1599,4210.jpg,0
1600,4211.jpg,0
1601,4212.jpg,0
1602,4213.jpg,0
1603,4214.jpg,0
1604,4215.jpg,0
1605,4216.jpg,0
1606,4217.jpg,0
1607,4218.jpg,0
1608,4219.jpg,0
1609,4220.jpg,0
1610,4221.jpg,0
1611,4222.jpg,0
1612,4223.jpg,0
1613,4224.jpg,0
1614,4225.jpg,0
1615,4226.jpg,0
1616,4227.jpg,0
1617,4228.jpg,0
1618,4229.jpg,0
1619,4230.jpg,0
1620,4231.jpg,0
1621,4232.jpg,0
1622,4233.jpg,0
1623,4234.jpg,0
1624,4235.jpg,0
1625,4236.jpg,0
1626,4237.jpg,0
1627,4238.jpg,0
1628,4239.jpg,0
1629,4240.jpg,0
1630,4241.jpg,0
1631,4242.jpg,0
1632,4243.jpg,0
1633,4244.jpg,0
1634,4245.jpg,0
1635,4246.jpg,0
1636,4247.jpg,0
1637,4248.jpg,0
1638,4249.jpg,0
1639,4250.jpg,0
1640,4251.jpg,0
1641,4252.jpg,0
1642,4253.jpg,0
1643,4254.jpg,0
1644,4255.jpg,0
1645,4256.jpg,0
1646,4257.jpg,0
1647,4258.jpg,0
1648,4259.jpg,0
1649,4260.jpg,0
1650,4261.jpg,0
1651,4262.jpg,0
1652,4263.jpg,0
1653,4264.jpg,0
1654,4265.jpg,0
1655,4266.jpg,0
1656,4267.jpg,0
1657,4268.jpg,0
1658,4269.jpg,0
1659,4270.jpg,0
1660,4271.jpg,0
1661,4272.jpg,0
1662,4273.jpg,0
1663,4274.jpg,0
1664,4275.jpg,0
1665,4276.jpg,0
1666,4277.jpg,0
1667,4278.jpg,0
1668,4279.jpg,0
1669,4280.jpg,0
1670,4281.jpg,0
1671,4282.jpg,0
1672,4283.jpg,0
1673,4284.jpg,0
1674,4285.jpg,0
1675,4286.jpg,0
1676,4287.jpg,0
1677,4288.jpg,0
1678,4289.jpg,0
1679,4290.jpg,0
1680,4291.jpg,0
1681,4292.jpg,0
1682,4293.jpg,0
1683,4294.jpg,0
1684,4295.jpg,0
1685,4296.jpg,0
1686,4297.jpg,0
1687,4298.jpg,0
1688,4299.jpg,0
1689,4300.jpg,0
1690,4301.jpg,0
1691,4302.jpg,0
1692,4303.jpg,0
1693,4304.jpg,0
1694,4305.jpg,0
1695,4306.jpg,0
1696,4307.jpg,0
1697,4308.jpg,0
1698,4309.jpg,0
1699,4310.jpg,0
1700,4311.jpg,0
1701,4312.jpg,0
1702,4313.jpg,0
1703,4314.jpg,0
1704,4315.jpg,0
1705,4316.jpg,0
1706,4317.jpg,0
1707,4318.jpg,0
1708,4319.jpg,0
1709,4320.jpg,0
1710,4321.jpg,0
1711,4322.jpg,0
1712,4323.jpg,0
1713,4324.jpg,0
1714,4325.jpg,0
1715,4326.jpg,0
1716,4327.jpg,0
1717,4328.jpg,0
1718,4329.jpg,0
1719,4330.jpg,0
1720,4331.jpg,0
1721,4332.jpg,0
1722,4333.jpg,0
1723,4334.jpg,0
1724,4335.jpg,0
1725,4336.jpg,0
1726,4337.jpg,0
1727,4338.jpg,0
1728,4339.jpg,0
1729,4340.jpg,0
1730,4341.jpg,0
1731,4342.jpg,0
1732,4343.jpg,0
1733,4344.jpg,0
1734,4345.jpg,0
1735,4346.jpg,0
1736,4347.jpg,0
1737,4348.jpg,0
1738,4349.jpg,0
1739,4350.jpg,0
1740,4351.jpg,0
1741,4352.jpg,0
1742,4353.jpg,0
1743,4354.jpg,0
1744,4355.jpg,0
1745,4356.jpg,0
1746,4357.jpg,0
1747,4358.jpg,0
1748,4359.jpg,0
1749,4360.jpg,0
1750,4361.jpg,0
1751,4362.jpg,0
1752,4363.jpg,0
1753,4364.jpg,0
1754,4365.jpg,0
1755,4366.jpg,0
1756,4367.jpg,0
1757,4368.jpg,0
1758,4369.jpg,0
1759,4370.jpg,0
1760,4371.jpg,0
1761,4372.jpg,0
1762,4373.jpg,0
1763,4374.jpg,0
1764,4375.jpg,0
1765,4376.jpg,0
1766,4377.jpg,0
1767,4378.jpg,0
1768,4379.jpg,0
1769,4380.jpg,0
1770,4381.jpg,0
1771,4382.jpg,0
1772,4383.jpg,0
1773,4384.jpg,0
1774,4385.jpg,0
1775,4386.jpg,0
1776,4387.jpg,0
1777,4388.jpg,0
1778,4389.jpg,0
1779,4390.jpg,0
1780,4391.jpg,0
1781,4392.jpg,0
1782,4393.jpg,0
1783,4394.jpg,0
1784,4395.jpg,0
1785,4396.jpg,0
1786,4397.jpg,0
1787,4398.jpg,0
1788,4399.jpg,0
1789,4400.jpg,0
1790,4401.jpg,0
1791,4402.jpg,0
1792,4403.jpg,0
1793,4404.jpg,0
1794,4405.jpg,0
1795,4406.jpg,0
1796,4407.jpg,0
1797,4408.jpg,0
1798,4409.jpg,0
1799,4410.jpg,0
1800,4411.jpg,0
1801,4412.jpg,0
1802,4413.jpg,0
1803,4414.jpg,0
1804,4415.jpg,0
1805,4416.jpg,0
1806,4417.jpg,0
1807,4418.jpg,0
1808,4419.jpg,0
1809,4420.jpg,0
1810,4421.jpg,0
1811,4422.jpg,0
1812,4423.jpg,0
1813,4424.jpg,0
1814,4425.jpg,0
1815,4426.jpg,0
1816,4427.jpg,0
1817,4428.jpg,0
1818,4429.jpg,0
1819,4430.jpg,0
1820,4431.jpg,0
1821,4432.jpg,0
1822,4433.jpg,0
1823,4434.jpg,0
1824,4435.jpg,0
1825,4436.jpg,0
1826,4437.jpg,0
1827,4438.jpg,0
1828,4439.jpg,0
1829,4440.jpg,0
1830,4441.jpg,0
1831,4442.jpg,0
1832,4443.jpg,0
1833,4444.jpg,0
1834,4445.jpg,0
1835,4446.jpg,0
1836,4447.jpg,0
1837,4448.jpg,0
1838,4449.jpg,0
1839,4450.jpg,0
1840,4451.jpg,0
1841,4452.jpg,0
1842,4453.jpg,0
1843,4454.jpg,0
1844,4455.jpg,0
1845,4456.jpg,0
1846,4457.jpg,0
1847,4458.jpg,0
1848,4459.jpg,0
1849,4460.jpg,0
1850,4461.jpg,0
1851,4462.jpg,0
1852,4463.jpg,0
1853,4464.jpg,0
1854,4465.jpg,0
1855,4466.jpg,0
1856,4467.jpg,0
1857,4468.jpg,0
1858,4469.jpg,0
1859,4470.jpg,0
1860,4471.jpg,0
1861,4472.jpg,0
1862,4473.jpg,0
1863,4474.jpg,0
1864,4475.jpg,0
1865,4476.jpg,0
1866,4477.jpg,0
1867,4478.jpg,0
1868,4479.jpg,0
1869,4480.jpg,0
1870,4481.jpg,0
1871,4482.jpg,0
1872,4483.jpg,0
1873,4484.jpg,0
1874,4485.jpg,0
1875,4486.jpg,0
1876,4487.jpg,0
1877,4488.jpg,0
1878,4489.jpg,0
1879,4490.jpg,0
1880,4491.jpg,0
1881,4492.jpg,0
1882,4493.jpg,0
1883,4494.jpg,0
1884,4495.jpg,0
1885,4496.jpg,0
1886,4497.jpg,0
1887,4498.jpg,0
1888,4499.jpg,0
1889,4500.jpg,0
1890,4501.jpg,0
1891,4502.jpg,0
1892,4503.jpg,0
1893,4504.jpg,0
1894,4505.jpg,0
1895,4506.jpg,0
1896,4507.jpg,0
1897,4508.jpg,0
1898,4509.jpg,0
1899,4510.jpg,0
1900,4511.jpg,0
1901,4512.jpg,0
1902,4513.jpg,0
1903,4514.jpg,0
1904,4515.jpg,0
1905,4516.jpg,0
1906,4517.jpg,0
1907,4518.jpg,0
1908,4519.jpg,0
1909,4520.jpg,0
1910,4521.jpg,0
1911,4522.jpg,0
1912,4523.jpg,0
1913,4524.jpg,0
1914,4525.jpg,0
1915,4526.jpg,0
1916,4527.jpg,0
1917,4528.jpg,0
1918,4529.jpg,0
1919,4530.jpg,0
1920,4531.jpg,0
1921,4532.jpg,0
1922,4533.jpg,0
1923,4534.jpg,0
1924,4535.jpg,0
1925,4536.jpg,0
1926,4537.jpg,0
1927,4538.jpg,0
1928,4539.jpg,0
1929,4540.jpg,0
1930,4541.jpg,0
1931,4542.jpg,0
1932,4543.jpg,0
1933,4544.jpg,0
1934,4545.jpg,0
1935,4546.jpg,0
1936,4547.jpg,0
1937,4548.jpg,0
1938,4549.jpg,0
1939,4550.jpg,0
1940,4551.jpg,0
1941,4552.jpg,0
1942,4553.jpg,0
1943,4554.jpg,0
1944,4555.jpg,0
1945,4556.jpg,0
1946,4557.jpg,0
1947,4558.jpg,0
1948,4559.jpg,0
1949,4560.jpg,0
1950,4561.jpg,0
1951,4562.jpg,0
1952,4563.jpg,0
1953,4564.jpg,0
1954,4565.jpg,0
1955,4566.jpg,0
1956,4567.jpg,0
1957,4568.jpg,0
1958,4569.jpg,0
1959,4570.jpg,0
1960,4571.jpg,0
1961,4572.jpg,0
1962,4573.jpg,0
1963,4574.jpg,0
1964,4575.jpg,0
1965,4576.jpg,0
1966,4577.jpg,0
1967,4578.jpg,0
1968,4579.jpg,0
1969,4580.jpg,0
1970,4581.jpg,0
1971,4582.jpg,0
1972,4583.jpg,0
1973,4584.jpg,0
1974,4585.jpg,0
1975,4586.jpg,0
1976,4587.jpg,0
1977,4588.jpg,0
1978,4589.jpg,0
1979,4590.jpg,0
1980,4591.jpg,0
1981,4592.jpg,0
1982,4593.jpg,0
1983,4594.jpg,0
1984,4595.jpg,0
1985,4596.jpg,0
1986,4597.jpg,0
1987,4598.jpg,0
1988,4599.jpg,0
1989,4600.jpg,0
1990,4601.jpg,0
1991,4602.jpg,0
1992,4603.jpg,0
1993,4604.jpg,0
1994,4605.jpg,0
1995,4606.jpg,0
1996,4607.jpg,0
1997,4608.jpg,0
1998,4609.jpg,0
1999,4610.jpg,0
2000,4611.jpg,0
2001,4612.jpg,0
2002,4613.jpg,0
2003,4614.jpg,0
2004,4615.jpg,0
2005,4616.jpg,0
2006,4617.jpg,0
2007,4618.jpg,0
2008,4619.jpg,0
2009,4620.jpg,0
2010,4621.jpg,0
2011,4622.jpg,0
2012,4623.jpg,0
2013,4624.jpg,0
2014,4625.jpg,0
2015,4626.jpg,0
2016,4627.jpg,0
2017,4628.jpg,0
2018,4629.jpg,0
2019,4630.jpg,0
2020,4631.jpg,0
2021,4632.jpg,0
2022,4633.jpg,0
2023,4634.jpg,0
2024,4635.jpg,0
2025,4636.jpg,0
2026,4637.jpg,0
2027,4638.jpg,0
2028,4639.jpg,0
2029,4640.jpg,0
2030,4641.jpg,0
2031,4642.jpg,0
2032,4643.jpg,0
2033,4644.jpg,0
2034,4645.jpg,0
2035,4646.jpg,0
2036,4647.jpg,0
2037,4648.jpg,0
2038,4649.jpg,0
2039,4650.jpg,0
2040,4651.jpg,0
2041,4652.jpg,0
2042,4653.jpg,0
2043,4654.jpg,0
2044,4655.jpg,0
2045,4656.jpg,0
2046,4657.jpg,0
2047,4658.jpg,0
2048,4659.jpg,0
2049,4660.jpg,0
2050,4661.jpg,0
2051,4662.jpg,0
2052,4663.jpg,0
2053,4664.jpg,0
2054,4665.jpg,0
2055,4666.jpg,0
2056,4667.jpg,0
2057,4668.jpg,0
2058,4669.jpg,0
2059,4670.jpg,0
2060,4671.jpg,0
2061,4672.jpg,0
2062,4673.jpg,0
2063,4674.jpg,0
2064,4675.jpg,0
2065,4676.jpg,0
2066,4677.jpg,0
2067,4678.jpg,0
2068,4679.jpg,0
2069,4680.jpg,0
2070,4681.jpg,0
2071,4682.jpg,0
2072,4683.jpg,0
2073,4684.jpg,0
2074,4685.jpg,0
2075,4686.jpg,0
2076,4687.jpg,0
2077,4688.jpg,0
2078,4689.jpg,0
2079,4690.jpg,0
2080,4691.jpg,0
2081,4692.jpg,0
2082,4693.jpg,0
2083,4694.jpg,0
2084,4695.jpg,0
2085,4696.jpg,0
2086,4697.jpg,0
2087,4698.jpg,0
2088,4699.jpg,0
2089,4700.jpg,0
2090,4701.jpg,0
2091,4702.jpg,0
2092,4703.jpg,0
2093,4704.jpg,0
2094,4705.jpg,0
2095,4706.jpg,0
2096,4707.jpg,0
2097,4708.jpg,0
2098,4709.jpg,0
2099,4710.jpg,0
2100,4711.jpg,0
2101,4712.jpg,0
2102,4713.jpg,0
2103,4714.jpg,0
2104,4715.jpg,0
2105,4716.jpg,0
2106,4717.jpg,0
2107,4718.jpg,0
2108,4719.jpg,0
2109,4720.jpg,0
2110,4721.jpg,0
2111,4722.jpg,0
2112,4723.jpg,0
2113,4724.jpg,0
2114,4725.jpg,0
2115,4726.jpg,0
2116,4727.jpg,0
2117,4728.jpg,0
2118,4729.jpg,0
2119,4730.jpg,0
2120,4731.jpg,0
2121,4732.jpg,0
2122,4733.jpg,0
2123,4734.jpg,0
2124,4735.jpg,0
2125,4736.jpg,0
2126,4737.jpg,0
2127,4738.jpg,0
2128,4739.jpg,0
2129,4740.jpg,0
2130,4741.jpg,0
2131,4742.jpg,0
2132,4743.jpg,0
2133,4744.jpg,0
2134,4745.jpg,0
2135,4746.jpg,0
2136,4747.jpg,0
2137,4748.jpg,0
2138,4749.jpg,0
2139,4750.jpg,0
2140,4751.jpg,0
2141,4752.jpg,0
2142,4753.jpg,0
2143,4754.jpg,0
2144,4755.jpg,0
2145,4756.jpg,0
2146,4757.jpg,0
2147,4758.jpg,0
2148,4759.jpg,0
2149,4760.jpg,0
2150,4761.jpg,0
2151,4762.jpg,0
2152,4763.jpg,0
2153,4764.jpg,0
2154,4765.jpg,0
2155,4766.jpg,0
2156,4767.jpg,0
2157,4768.jpg,0
2158,4769.jpg,0
2159,4770.jpg,0
2160,4771.jpg,0
2161,4772.jpg,0
2162,4773.jpg,0
2163,4774.jpg,0
2164,4775.jpg,0
2165,4776.jpg,0
2166,4777.jpg,0
2167,4778.jpg,0
2168,4779.jpg,0
2169,4780.jpg,0
2170,4781.jpg,0
2171,4782.jpg,0
2172,4783.jpg,0
2173,4784.jpg,0
2174,4785.jpg,0
2175,4786.jpg,0
2176,4787.jpg,0
2177,4788.jpg,0
2178,4789.jpg,0
2179,4790.jpg,0
2180,4791.jpg,0
2181,4792.jpg,0
2182,4793.jpg,0
2183,4794.jpg,0
2184,4795.jpg,0
2185,4796.jpg,0
2186,4797.jpg,0
2187,4798.jpg,0
2188,4799.jpg,0
2189,4800.jpg,0
2190,4801.jpg,0
2191,4802.jpg,0
2192,4803.jpg,0
2193,4804.jpg,0
2194,4805.jpg,0
2195,4806.jpg,0
2196,4807.jpg,0
2197,4808.jpg,0
2198,4809.jpg,0
2199,4810.jpg,0
2200,4811.jpg,0
2201,4812.jpg,0
2202,4813.jpg,0
2203,4814.jpg,0
2204,4815.jpg,0
2205,4816.jpg,0
2206,4817.jpg,0
2207,4818.jpg,0
2208,4819.jpg,0
2209,4820.jpg,0
2210,4821.jpg,0
2211,4822.jpg,0
2212,4823.jpg,0
2213,4824.jpg,0
2214,4825.jpg,0
2215,4826.jpg,0
2216,4827.jpg,0
2217,4828.jpg,0
2218,4829.jpg,0
2219,4830.jpg,0
2220,4831.jpg,0
2221,4832.jpg,0
2222,4833.jpg,0
2223,4834.jpg,0
2224,4835.jpg,0
2225,4836.jpg,0
2226,4837.jpg,0
2227,4838.jpg,0
2228,4839.jpg,0
2229,4840.jpg,0
2230,4841.jpg,0
2231,4842.jpg,0
2232,4843.jpg,0
2233,4844.jpg,0
2234,4845.jpg,0
2235,4846.jpg,0
2236,4847.jpg,0
2237,4848.jpg,0
2238,4849.jpg,0
2239,4850.jpg,0
2240,4851.jpg,0
2241,4852.jpg,0
2242,4853.jpg,0
2243,4854.jpg,0
2244,4855.jpg,0
2245,4856.jpg,0
2246,4857.jpg,0
2247,4858.jpg,0
2248,4859.jpg,0
2249,4860.jpg,0
2250,4861.jpg,0
2251,4862.jpg,0
2252,4863.jpg,0
2253,4864.jpg,0
2254,4865.jpg,0
2255,4866.jpg,0
2256,4867.jpg,0
2257,4868.jpg,0
2258,4869.jpg,0
2259,4870.jpg,0
2260,4871.jpg,0
2261,4872.jpg,0
2262,4873.jpg,0
2263,4874.jpg,0
2264,4875.jpg,0
2265,4876.jpg,0
2266,4877.jpg,0
2267,4878.jpg,0
2268,4879.jpg,0
2269,4880.jpg,0
2270,4881.jpg,0
2271,4882.jpg,0
2272,4883.jpg,0
2273,4884.jpg,0
2274,4885.jpg,0
2275,4886.jpg,0
2276,4887.jpg,0
2277,4888.jpg,0
2278,4889.jpg,0
2279,4890.jpg,0
2280,4891.jpg,0
2281,4892.jpg,0
2282,4893.jpg,0
2283,4894.jpg,0
2284,4895.jpg,0
2285,4896.jpg,0
2286,4897.jpg,0
2287,4898.jpg,0
2288,4899.jpg,0
2289,4900.jpg,0
2290,4901.jpg,0
2291,4902.jpg,0
2292,4903.jpg,0
2293,4904.jpg,0
2294,4905.jpg,0
2295,4906.jpg,0
2296,4907.jpg,0
2297,4908.jpg,0
2298,4909.jpg,0
2299,4910.jpg,0
2300,4911.jpg,0
2301,4912.jpg,0
2302,4913.jpg,0
2303,4914.jpg,0
2304,4915.jpg,0
2305,4916.jpg,0
2306,4917.jpg,0
2307,4918.jpg,0
2308,4919.jpg,0
2309,4920.jpg,0
2310,4921.jpg,0
2311,4922.jpg,0
2312,4923.jpg,0
2313,4924.jpg,0
2314,4925.jpg,0
2315,4926.jpg,0
2316,4927.jpg,0
2317,4928.jpg,0
2318,4929.jpg,0
2319,4930.jpg,0
2320,4931.jpg,0
2321,4932.jpg,0
2322,4933.jpg,0
2323,4934.jpg,0
2324,4935.jpg,0
2325,4936.jpg,0
2326,4937.jpg,0
2327,4938.jpg,0
2328,4939.jpg,0
2329,4940.jpg,0
2330,4941.jpg,0
2331,4942.jpg,0
2332,4943.jpg,0
2333,4944.jpg,1
2334,4945.jpg,0
2335,4946.jpg,0
2336,4947.jpg,0
2337,4948.jpg,0
2338,4949.jpg,0
2339,4950.jpg,0
2340,4951.jpg,0
2341,4952.jpg,0
2342,4953.jpg,0
2343,4954.jpg,0
2344,4955.jpg,0
2345,4956.jpg,0
2346,4957.jpg,0
2347,4958.jpg,0
2348,4959.jpg,0
2349,4960.jpg,0
2350,4961.jpg,0
2351,4962.jpg,0
2352,4963.jpg,0
2353,4964.jpg,1
2354,4965.jpg,1
2355,4966.jpg,1
2356,4967.jpg,1
2357,4968.jpg,1
2358,4969.jpg,0
2359,4970.jpg,1
2360,4971.jpg,0
2361,4972.jpg,0
2362,4973.jpg,0
2363,4974.jpg,0
2364,4975.jpg,0
2365,4976.jpg,0
2366,4977.jpg,0
2367,4978.jpg,0
2368,4979.jpg,0
2369,4980.jpg,0
2370,4981.jpg,0
2371,4982.jpg,0
2372,4983.jpg,0
2373,4984.jpg,0
2374,4985.jpg,0
2375,4986.jpg,0
2376,4987.jpg,0
2377,4988.jpg,0
2378,4989.jpg,1
2379,4990.jpg,1
2380,4991.jpg,1
2381,4992.jpg,1
2382,4993.jpg,1
2383,4994.jpg,1
2384,4995.jpg,1
2385,4996.jpg,1
2386,4997.jpg,1
2387,4998.jpg,1
2388,4999.jpg,1
2389,5000.jpg,1
2390,5001.jpg,1
2391,5002.jpg,1
2392,5003.jpg,1
2393,5004.jpg,1
2394,5005.jpg,1
2395,5006.jpg,1
2396,5007.jpg,1
2397,5008.jpg,1
2398,5009.jpg,1
2399,5010.jpg,1
2400,5011.jpg,1
2401,5012.jpg,1
2402,5013.jpg,1
2403,5014.jpg,1
2404,5015.jpg,1
2405,5016.jpg,1
2406,5017.jpg,1
2407,5018.jpg,1
2408,5019.jpg,1
2409,5020.jpg,1
2410,5021.jpg,1
2411,5022.jpg,1
2412,5023.jpg,1
2413,5024.jpg,1
2414,5025.jpg,1
2415,5026.jpg,1
2416,5027.jpg,1
2417,5028.jpg,1
2418,5029.jpg,1
2419,5030.jpg,1
2420,5031.jpg,1
2421,5032.jpg,1
2422,5033.jpg,1
2423,5034.jpg,1
2424,5035.jpg,1
2425,5036.jpg,1
2426,5037.jpg,1
2427,5038.jpg,1
2428,5039.jpg,1
2429,5040.jpg,1
2430,5041.jpg,1
2431,5042.jpg,1
2432,5043.jpg,1
2433,5044.jpg,1
2434,5045.jpg,1
2435,5046.jpg,1
2436,5047.jpg,1
2437,5048.jpg,1
2438,5049.jpg,1
2439,5050.jpg,1
2440,5051.jpg,1
2441,5052.jpg,1
2442,5053.jpg,1
2443,5054.jpg,1
2444,5055.jpg,0
2445,5056.jpg,1
2446,5057.jpg,1
2447,5058.jpg,1
2448,5059.jpg,1
2449,5060.jpg,1
2450,5061.jpg,1
2451,5062.jpg,1
2452,5063.jpg,1
2453,5064.jpg,1
2454,5065.jpg,0
2455,5066.jpg,0
2456,5067.jpg,0
2457,5068.jpg,0
2458,5069.jpg,0
2459,5070.jpg,0
2460,5071.jpg,0
2461,5072.jpg,0
2462,5073.jpg,1
2463,5074.jpg,0
2464,5075.jpg,0
2465,5076.jpg,0
2466,5077.jpg,0
2467,5078.jpg,0
2468,5079.jpg,0
2469,5080.jpg,0
2470,5081.jpg,0
2471,5082.jpg,0
2472,5083.jpg,0
2473,5084.jpg,0
2474,5085.jpg,0
2475,5086.jpg,0
2476,5087.jpg,0
2477,5088.jpg,0
2478,5089.jpg,0
2479,5090.jpg,0
2480,5091.jpg,0
2481,5092.jpg,0
2482,5093.jpg,0
2483,5094.jpg,0
2484,5095.jpg,0
2485,5096.jpg,0
2486,5097.jpg,0
2487,5098.jpg,0
2488,5099.jpg,0
2489,5100.jpg,0
2490,5101.jpg,0
2491,5102.jpg,0
2492,5103.jpg,0
2493,5104.jpg,0
2494,5105.jpg,0
2495,5106.jpg,0
2496,5107.jpg,0
2497,5108.jpg,0
2498,5109.jpg,0
2499,5110.jpg,0
2500,5111.jpg,0
2501,5112.jpg,0
2502,5113.jpg,0
2503,5114.jpg,0
2504,5115.jpg,0
2505,5116.jpg,0
2506,5117.jpg,0
2507,5118.jpg,0
2508,5119.jpg,0
2509,5120.jpg,0
2510,5121.jpg,0
2511,5122.jpg,0
2512,5123.jpg,0
2513,5124.jpg,0
2514,5125.jpg,0
2515,5126.jpg,0
2516,5127.jpg,0
2517,5128.jpg,0
2518,5129.jpg,0
2519,5130.jpg,0
2520,5131.jpg,0
2521,5132.jpg,0
2522,5133.jpg,0
2523,5134.jpg,0
2524,5135.jpg,0
2525,5136.jpg,0
2526,5137.jpg,0
2527,5138.jpg,0
2528,5139.jpg,0
2529,5140.jpg,0
2530,5141.jpg,0
2531,5142.jpg,0
2532,5143.jpg,0
2533,5144.jpg,0
2534,5145.jpg,0
2535,5146.jpg,0
2536,5147.jpg,0
2537,5148.jpg,0
2538,5149.jpg,0
2539,5150.jpg,0
2540,5151.jpg,0
2541,5152.jpg,0
2542,5153.jpg,0
2543,5154.jpg,0
2544,5155.jpg,0
2545,5156.jpg,0
2546,5157.jpg,0
2547,5158.jpg,0
2548,5159.jpg,0
2549,5160.jpg,0
2550,5161.jpg,0
2551,5162.jpg,0
2552,5163.jpg,0
2553,5164.jpg,0
2554,5165.jpg,0
2555,5166.jpg,0
2556,5167.jpg,0
2557,5168.jpg,0
2558,5169.jpg,0
2559,5170.jpg,0
2560,5171.jpg,0
2561,5172.jpg,0
2562,5173.jpg,0
2563,5174.jpg,0
2564,5175.jpg,0
2565,5176.jpg,0
2566,5177.jpg,0
2567,5178.jpg,0
2568,5179.jpg,0
2569,5180.jpg,0
2570,5181.jpg,0
2571,5182.jpg,0
2572,5183.jpg,0
2573,5184.jpg,0
2574,5185.jpg,0
2575,5186.jpg,0
2576,5187.jpg,0
2577,5188.jpg,0
2578,5189.jpg,0
2579,5190.jpg,0
2580,5191.jpg,0
2581,5192.jpg,0
2582,5193.jpg,0
2583,5194.jpg,0
2584,5195.jpg,0
2585,5196.jpg,0
2586,5197.jpg,0
2587,5198.jpg,0
2588,5199.jpg,0
2589,5200.jpg,0
2590,5201.jpg,0
2591,5202.jpg,0
2592,5203.jpg,0
2593,5204.jpg,0
2594,5205.jpg,0
2595,5206.jpg,0
2596,5207.jpg,0
2597,5208.jpg,0
2598,5209.jpg,0
2599,5210.jpg,0
2600,5211.jpg,0
2601,5212.jpg,0
2602,5213.jpg,0
2603,5214.jpg,0
2604,5215.jpg,0
2605,5216.jpg,0
2606,5217.jpg,0
2607,5218.jpg,0
2608,5219.jpg,0
2609,5220.jpg,0
2610,5221.jpg,0
2611,5222.jpg,0
2612,5223.jpg,0
2613,5224.jpg,0
2614,5225.jpg,0
2615,5226.jpg,0
2616,5227.jpg,0
2617,5228.jpg,0
2618,5229.jpg,0
2619,5230.jpg,0
2620,5231.jpg,0
2621,5232.jpg,0
2622,5233.jpg,0
2623,5234.jpg,0
2624,5235.jpg,0
2625,5236.jpg,0
2626,5237.jpg,0
2627,5238.jpg,0
2628,5239.jpg,0
2629,5240.jpg,0
2630,5241.jpg,0
2631,5242.jpg,0
2632,5243.jpg,0
2633,5244.jpg,0
2634,5245.jpg,0
2635,5246.jpg,0
2636,5247.jpg,0
2637,5248.jpg,0
2638,5249.jpg,0
2639,5250.jpg,0
2640,5251.jpg,0
2641,5252.jpg,0
2642,5253.jpg,0
2643,5254.jpg,0
2644,5255.jpg,0
2645,5256.jpg,0
2646,5257.jpg,0
2647,5258.jpg,0
2648,5259.jpg,0
2649,5260.jpg,0
2650,5261.jpg,0
2651,5262.jpg,0
2652,5263.jpg,0
2653,5264.jpg,0
2654,5265.jpg,0
2655,5266.jpg,0
2656,5267.jpg,0
2657,5268.jpg,0
2658,5269.jpg,0
2659,5270.jpg,0
2660,5271.jpg,0
2661,5272.jpg,0
2662,5273.jpg,0
2663,5274.jpg,0
2664,5275.jpg,0
2665,5276.jpg,0
2666,5277.jpg,0
2667,5278.jpg,0
2668,5279.jpg,0
2669,5280.jpg,0
2670,5281.jpg,0
2671,5282.jpg,0
2672,5283.jpg,0
2673,5284.jpg,0
2674,5285.jpg,0
2675,5286.jpg,0
2676,5287.jpg,0
2677,5288.jpg,0
2678,5289.jpg,0
2679,5290.jpg,0
2680,5291.jpg,0
2681,5292.jpg,0
2682,5293.jpg,0
2683,5294.jpg,0
2684,5295.jpg,0
2685,5296.jpg,0
2686,5297.jpg,0
2687,5298.jpg,0
2688,5299.jpg,0
2689,5300.jpg,0
2690,5301.jpg,0
2691,5302.jpg,0
2692,5303.jpg,0
2693,5304.jpg,0
2694,5305.jpg,0
2695,5306.jpg,0
2696,5307.jpg,0
2697,5308.jpg,0
2698,5309.jpg,0
2699,5310.jpg,0
2700,5311.jpg,0
2701,5312.jpg,0
2702,5313.jpg,0
2703,5314.jpg,0
2704,5315.jpg,0
2705,5316.jpg,0
2706,5317.jpg,0
2707,5318.jpg,0
2708,5319.jpg,0
2709,5320.jpg,0
2710,5321.jpg,0
2711,5322.jpg,0
2712,5323.jpg,0
2713,5324.jpg,0
2714,5325.jpg,0
2715,5326.jpg,0
2716,5327.jpg,0
2717,5328.jpg,0
2718,5329.jpg,0
2719,5330.jpg,0
2720,5331.jpg,0
2721,5332.jpg,0
2722,5333.jpg,0
2723,5334.jpg,0
2724,5335.jpg,0
2725,5336.jpg,0
2726,5337.jpg,0
2727,5338.jpg,0
2728,5339.jpg,0
2729,5340.jpg,0
2730,5341.jpg,0
2731,5342.jpg,0
2732,5343.jpg,0
2733,5344.jpg,0
2734,5345.jpg,0
2735,5346.jpg,0
2736,5347.jpg,0
2737,5348.jpg,0
2738,5349.jpg,0
2739,5350.jpg,0
2740,5351.jpg,0
2741,5352.jpg,0
2742,5353.jpg,0
2743,5354.jpg,0
2744,5355.jpg,0
2745,5356.jpg,0
2746,5357.jpg,0
2747,5358.jpg,0
2748,5359.jpg,0
2749,5360.jpg,0
2750,5361.jpg,0
2751,5362.jpg,0
2752,5363.jpg,0
2753,5364.jpg,0
2754,5365.jpg,0
2755,5366.jpg,0
2756,5367.jpg,0
2757,5368.jpg,0
2758,5369.jpg,0
2759,5370.jpg,0
2760,5371.jpg,0
2761,5372.jpg,0
2762,5373.jpg,0
2763,5374.jpg,0
2764,5375.jpg,0
2765,5376.jpg,0
2766,5377.jpg,0
2767,5378.jpg,0
2768,5379.jpg,0
2769,5380.jpg,0
2770,5381.jpg,0
2771,5382.jpg,0
2772,5383.jpg,0
2773,5384.jpg,0
2774,5385.jpg,0
2775,5386.jpg,0
2776,5387.jpg,0
2777,5388.jpg,0
2778,5389.jpg,0
2779,5390.jpg,0
2780,5391.jpg,0
2781,5392.jpg,0
2782,5393.jpg,0
2783,5394.jpg,1
2784,5395.jpg,0
2785,5396.jpg,0
2786,5397.jpg,0
2787,5398.jpg,0
2788,5399.jpg,0
2789,5400.jpg,0
2790,5401.jpg,1
2791,5402.jpg,0
2792,5403.jpg,1
2793,5404.jpg,1
2794,5405.jpg,1
2795,5406.jpg,1
2796,5407.jpg,1
2797,5408.jpg,1
2798,5409.jpg,1
2799,5410.jpg,1
2800,5411.jpg,1
2801,5412.jpg,1
2802,5413.jpg,1
2803,5414.jpg,1
2804,5415.jpg,1
2805,5416.jpg,0
2806,5417.jpg,0
2807,5418.jpg,0
2808,5419.jpg,1
2809,5420.jpg,0
2810,5421.jpg,1
2811,5422.jpg,1
2812,5423.jpg,1
2813,5424.jpg,1
2814,5425.jpg,1
2815,5426.jpg,1
2816,5427.jpg,1
2817,5428.jpg,1
2818,5429.jpg,1
2819,5430.jpg,1
2820,5431.jpg,0
2821,5432.jpg,0
2822,5433.jpg,0
2823,5434.jpg,0
2824,5435.jpg,0
2825,5436.jpg,0
2826,5437.jpg,0
2827,5438.jpg,0
2828,5439.jpg,0
2829,5440.jpg,0
2830,5441.jpg,0
2831,5442.jpg,0
2832,5443.jpg,0
2833,5444.jpg,0
2834,5445.jpg,0
2835,5446.jpg,0
2836,5447.jpg,0
2837,5448.jpg,0
2838,5449.jpg,0
2839,5450.jpg,0
2840,5451.jpg,0
2841,5452.jpg,0
2842,5453.jpg,0
2843,5454.jpg,0
2844,5455.jpg,0
2845,5456.jpg,0
2846,5457.jpg,0
2847,5458.jpg,0
2848,5459.jpg,0
2849,5460.jpg,0
2850,5461.jpg,0
2851,5462.jpg,0
2852,5463.jpg,0
2853,5464.jpg,0
2854,5465.jpg,0
2855,5466.jpg,0
2856,5467.jpg,0
2857,5468.jpg,0
2858,5469.jpg,0
2859,5470.jpg,1
2860,5471.jpg,1
2861,5472.jpg,1
2862,5473.jpg,1
2863,5474.jpg,1
2864,5475.jpg,0
2865,5476.jpg,0
2866,5477.jpg,0
2867,5478.jpg,0
2868,5479.jpg,0
2869,5480.jpg,0
2870,5481.jpg,0
2871,5482.jpg,0
2872,5483.jpg,0
2873,5484.jpg,0
2874,5485.jpg,0
2875,5486.jpg,0
2876,5487.jpg,0
2877,5488.jpg,1
2878,5489.jpg,0
2879,5490.jpg,1
2880,5491.jpg,0
2881,5492.jpg,0
2882,5493.jpg,0
2883,5494.jpg,0
2884,5495.jpg,0
2885,5496.jpg,0
2886,5497.jpg,0
2887,5498.jpg,0
2888,5499.jpg,0
2889,5500.jpg,0
2890,5501.jpg,0
2891,5502.jpg,0
2892,5503.jpg,0
2893,5504.jpg,0
2894,5505.jpg,0
2895,5506.jpg,0
2896,5507.jpg,0
2897,5508.jpg,0
2898,5509.jpg,0
2899,5510.jpg,0
2900,5511.jpg,0
2901,5512.jpg,0
2902,5513.jpg,0
2903,5514.jpg,0
2904,5515.jpg,0
2905,5516.jpg,0
2906,5517.jpg,0
2907,5518.jpg,0
2908,5519.jpg,0
2909,5520.jpg,0
2910,5521.jpg,0
2911,5522.jpg,0
2912,5523.jpg,0
2913,5524.jpg,0
2914,5525.jpg,0
2915,5526.jpg,0
2916,5527.jpg,0
2917,5528.jpg,1
2918,5529.jpg,1
2919,5530.jpg,1
2920,5531.jpg,1
2921,5532.jpg,1
2922,5533.jpg,1
2923,5534.jpg,1
2924,5535.jpg,1
2925,5536.jpg,1
2926,5537.jpg,1
2927,5538.jpg,1
2928,5539.jpg,1
2929,5540.jpg,1
2930,5541.jpg,1
2931,5542.jpg,1
2932,5543.jpg,1
2933,5544.jpg,1
2934,5545.jpg,1
2935,5546.jpg,1
2936,5547.jpg,1
2937,5548.jpg,1
2938,5549.jpg,1
2939,5550.jpg,1
2940,5551.jpg,1
2941,5552.jpg,1
2942,5553.jpg,1
2943,5554.jpg,1
2944,5555.jpg,1
2945,5556.jpg,1
2946,5557.jpg,1
2947,5558.jpg,1
2948,5559.jpg,1
2949,5560.jpg,0
2950,5561.jpg,1
2951,5562.jpg,1
2952,5563.jpg,1
2953,5564.jpg,1
2954,5565.jpg,0
2955,5566.jpg,0
2956,5567.jpg,0
2957,5568.jpg,0
2958,5569.jpg,0
2959,5570.jpg,0
2960,5571.jpg,0
2961,5572.jpg,0
2962,5573.jpg,0
2963,5574.jpg,0
2964,5575.jpg,0
2965,5576.jpg,0
2966,5577.jpg,0
2967,5578.jpg,0
2968,5579.jpg,0
2969,5580.jpg,0
2970,5581.jpg,0
2971,5582.jpg,0
2972,5583.jpg,0
2973,5584.jpg,0
2974,5585.jpg,0
2975,5586.jpg,0
2976,5587.jpg,0
2977,5588.jpg,0
2978,5589.jpg,0
2979,5590.jpg,0
2980,5591.jpg,0
2981,5592.jpg,0
2982,5593.jpg,0
2983,5594.jpg,0
2984,5595.jpg,0
2985,5596.jpg,0
2986,5597.jpg,0
2987,5598.jpg,0
2988,5599.jpg,0
2989,5600.jpg,0
2990,5601.jpg,0
2991,5602.jpg,0
2992,5603.jpg,0
2993,5604.jpg,0
2994,5605.jpg,0
2995,5606.jpg,0
2996,5607.jpg,0
2997,5608.jpg,0
2998,5609.jpg,0
2999,5610.jpg,0
3000,5611.jpg,0
3001,5612.jpg,0
3002,5613.jpg,0
3003,5614.jpg,0
3004,5615.jpg,0
3005,5616.jpg,0
3006,5617.jpg,0
3007,5618.jpg,0
3008,5619.jpg,0
3009,5620.jpg,0
3010,5621.jpg,0
3011,5622.jpg,0
3012,5623.jpg,0
3013,5624.jpg,0
3014,5625.jpg,0
3015,5626.jpg,0
3016,5627.jpg,0
3017,5628.jpg,0
3018,5629.jpg,0
3019,5630.jpg,0
3020,5631.jpg,0
3021,5632.jpg,0
3022,5633.jpg,0
3023,5634.jpg,0
3024,5635.jpg,0
3025,5636.jpg,0
3026,5637.jpg,0
3027,5638.jpg,0
3028,5639.jpg,0
3029,5640.jpg,0
3030,5641.jpg,0
3031,5642.jpg,0
3032,5643.jpg,0
3033,5644.jpg,0
3034,5645.jpg,0
3035,5646.jpg,0
3036,5647.jpg,0
3037,5648.jpg,0
3038,5649.jpg,0
3039,5650.jpg,0
3040,5651.jpg,0
3041,5652.jpg,0
3042,5653.jpg,0
3043,5654.jpg,0
3044,5655.jpg,0
3045,5656.jpg,0
3046,5657.jpg,0
3047,5658.jpg,0
3048,5659.jpg,0
3049,5660.jpg,0
3050,5661.jpg,0
3051,5662.jpg,0
3052,5663.jpg,0
3053,5664.jpg,0
3054,5665.jpg,0
3055,5666.jpg,0
3056,5667.jpg,0
3057,5668.jpg,0
3058,5669.jpg,0
3059,5670.jpg,0
3060,5671.jpg,0
3061,5672.jpg,0
3062,5673.jpg,0
3063,5674.jpg,0
3064,5675.jpg,0
3065,5676.jpg,0
3066,5677.jpg,0
3067,5678.jpg,0
3068,5679.jpg,0
3069,5680.jpg,0
3070,5681.jpg,0
3071,5682.jpg,0
3072,5683.jpg,0
3073,5684.jpg,0
3074,5685.jpg,0
3075,5686.jpg,0
3076,5687.jpg,0
3077,5688.jpg,0
3078,5689.jpg,0
3079,5690.jpg,0
3080,5691.jpg,0
3081,5692.jpg,0
3082,5693.jpg,0
3083,5694.jpg,0
3084,5695.jpg,0
3085,5696.jpg,0
3086,5697.jpg,0
3087,5698.jpg,0
3088,5699.jpg,0
3089,5700.jpg,0
3090,5701.jpg,0
3091,5702.jpg,0
3092,5703.jpg,0
3093,5704.jpg,0
3094,5705.jpg,0
3095,5706.jpg,0
3096,5707.jpg,0
3097,5708.jpg,0
3098,5709.jpg,0
3099,5710.jpg,0
3100,5711.jpg,0
3101,5712.jpg,0
3102,5713.jpg,0
3103,5714.jpg,0
3104,5715.jpg,0
3105,5716.jpg,0
3106,5717.jpg,0
3107,5718.jpg,0
3108,5719.jpg,0
3109,5720.jpg,0
3110,5721.jpg,0
3111,5722.jpg,0
3112,5723.jpg,0
3113,5724.jpg,0
3114,5725.jpg,0
3115,5726.jpg,0
3116,5727.jpg,0
3117,5728.jpg,0
3118,5729.jpg,0
3119,5730.jpg,0
3120,5731.jpg,0
3121,5732.jpg,0
3122,5733.jpg,0
3123,5734.jpg,0
3124,5735.jpg,0
3125,5736.jpg,0
3126,5737.jpg,0
3127,5738.jpg,0
3128,5739.jpg,0
3129,5740.jpg,0
3130,5741.jpg,0
3131,5742.jpg,0
3132,5743.jpg,0
3133,5744.jpg,0
3134,5745.jpg,0
3135,5746.jpg,0
3136,5747.jpg,0
3137,5748.jpg,0
3138,5749.jpg,1
3139,5750.jpg,1
3140,5751.jpg,1
3141,5752.jpg,0
3142,5753.jpg,0
3143,5754.jpg,0
3144,5755.jpg,0
3145,5756.jpg,0
3146,5757.jpg,0
3147,5758.jpg,0
3148,5759.jpg,0
3149,5760.jpg,0
3150,5761.jpg,0
3151,5762.jpg,0
3152,5763.jpg,0
3153,5764.jpg,0
3154,5765.jpg,0
3155,5766.jpg,0
3156,5767.jpg,0
3157,5768.jpg,0
3158,5769.jpg,0
3159,5770.jpg,0
3160,5771.jpg,0
3161,5772.jpg,0
3162,5773.jpg,0
3163,5774.jpg,0
3164,5775.jpg,0
3165,5776.jpg,0
3166,5777.jpg,0
3167,5778.jpg,0
3168,5779.jpg,0
3169,5780.jpg,0
3170,5781.jpg,0
3171,5782.jpg,0
3172,5783.jpg,0
3173,5784.jpg,0
3174,5785.jpg,0
3175,5786.jpg,0
3176,5787.jpg,0
3177,5788.jpg,0
3178,5789.jpg,0
3179,5790.jpg,0
3180,5791.jpg,0
3181,5792.jpg,0
3182,5793.jpg,0
3183,5794.jpg,0
3184,5795.jpg,0
3185,5796.jpg,0
3186,5797.jpg,0
3187,5798.jpg,0
3188,5799.jpg,0
3189,5800.jpg,0
3190,5801.jpg,0
3191,5802.jpg,0
3192,5803.jpg,0
3193,5804.jpg,0
3194,5805.jpg,0
3195,5806.jpg,0
3196,5807.jpg,0
3197,5808.jpg,0
3198,5809.jpg,0
3199,5810.jpg,0
3200,5811.jpg,0
3201,5812.jpg,0
3202,5813.jpg,0
3203,5814.jpg,0
3204,5815.jpg,0
3205,5816.jpg,0
3206,5817.jpg,0
3207,5818.jpg,0
3208,5819.jpg,0
3209,5820.jpg,0
3210,5821.jpg,0
3211,5822.jpg,0
3212,5823.jpg,0
3213,5824.jpg,0
3214,5825.jpg,0
3215,5826.jpg,0
3216,5827.jpg,0
3217,5828.jpg,0
3218,5829.jpg,0
3219,5830.jpg,0
3220,5831.jpg,0
3221,5832.jpg,0
3222,5833.jpg,0
3223,5834.jpg,0
3224,5835.jpg,0
3225,5836.jpg,0
3226,5837.jpg,0
3227,5838.jpg,0
3228,5839.jpg,0
3229,5840.jpg,0
3230,5841.jpg,0
3231,5842.jpg,0
3232,5843.jpg,0
3233,5844.jpg,0
3234,5845.jpg,0
3235,5846.jpg,0
3236,5847.jpg,0
3237,5848.jpg,0
3238,5849.jpg,0
3239,5850.jpg,0
3240,5851.jpg,0
3241,5852.jpg,0
3242,5853.jpg,0
3243,5854.jpg,0
3244,5855.jpg,0
3245,5856.jpg,0
3246,5857.jpg,0
3247,5858.jpg,0
3248,5859.jpg,0
3249,5860.jpg,0
3250,5861.jpg,0
3251,5862.jpg,0
3252,5863.jpg,0
3253,5864.jpg,0
3254,5865.jpg,0
3255,5866.jpg,0
3256,5867.jpg,0
3257,5868.jpg,0
3258,5869.jpg,0
3259,5870.jpg,0
3260,5871.jpg,0
3261,5872.jpg,0
3262,5873.jpg,0
3263,5874.jpg,0
3264,5875.jpg,0
3265,5876.jpg,0
3266,5877.jpg,0
3267,5878.jpg,0
3268,5879.jpg,0
3269,5880.jpg,0
3270,5881.jpg,0
3271,5882.jpg,0
3272,5883.jpg,0
3273,5884.jpg,0
3274,5885.jpg,0
3275,5886.jpg,0
3276,5887.jpg,0
3277,5888.jpg,0
3278,5889.jpg,0
3279,5890.jpg,0
3280,5891.jpg,0
3281,5892.jpg,0
3282,5893.jpg,0
3283,5894.jpg,0
3284,5895.jpg,0
3285,5896.jpg,0
3286,5897.jpg,0
3287,5898.jpg,0
3288,5899.jpg,0
3289,5900.jpg,0
3290,5901.jpg,0
3291,5902.jpg,0
3292,5903.jpg,0
3293,5904.jpg,0
3294,5905.jpg,0
3295,5906.jpg,0
3296,5907.jpg,0
3297,5908.jpg,0
3298,5909.jpg,0
3299,5910.jpg,0
3300,5911.jpg,0
3301,5912.jpg,0
3302,5913.jpg,0
3303,5914.jpg,0
3304,5915.jpg,0
3305,5916.jpg,0
3306,5917.jpg,0
3307,5918.jpg,0
3308,5919.jpg,0
3309,5920.jpg,0
3310,5921.jpg,0
3311,5922.jpg,0
3312,5923.jpg,0
3313,5924.jpg,0
3314,5925.jpg,0
3315,5926.jpg,0
3316,5927.jpg,0
3317,5928.jpg,0
3318,5929.jpg,0
3319,5930.jpg,1
3320,5931.jpg,1
3321,5932.jpg,1
3322,5933.jpg,1
3323,5934.jpg,1
3324,5935.jpg,1
3325,5936.jpg,0
3326,5937.jpg,1
3327,5938.jpg,1
3328,5939.jpg,1
3329,5940.jpg,1
3330,5941.jpg,1
3331,5942.jpg,1
3332,5943.jpg,1
3333,5944.jpg,1
3334,5945.jpg,1
3335,5946.jpg,1
3336,5947.jpg,1
3337,5948.jpg,1
3338,5949.jpg,1
3339,5950.jpg,1
3340,5951.jpg,1
3341,5952.jpg,1
3342,5953.jpg,1
3343,5954.jpg,1
3344,5955.jpg,1
3345,5956.jpg,1
3346,5957.jpg,1
3347,5958.jpg,1
3348,5959.jpg,1
3349,5960.jpg,1
3350,5961.jpg,1
3351,5962.jpg,1
3352,5963.jpg,1
3353,5964.jpg,1
3354,5965.jpg,1
3355,5966.jpg,1
3356,5967.jpg,1
3357,5968.jpg,1
3358,5969.jpg,1
3359,5970.jpg,1
3360,5971.jpg,1
3361,5972.jpg,1
3362,5973.jpg,1
3363,5974.jpg,1
3364,5975.jpg,1
3365,5976.jpg,1
3366,5977.jpg,1
3367,5978.jpg,1
3368,5979.jpg,1
3369,5980.jpg,1
3370,5981.jpg,1
3371,5982.jpg,1
3372,5983.jpg,1
3373,5984.jpg,1
3374,5985.jpg,1
3375,5986.jpg,1
3376,5987.jpg,1
3377,5988.jpg,1
3378,5989.jpg,1
3379,5990.jpg,1
3380,5991.jpg,1
3381,5992.jpg,1
3382,5993.jpg,1
3383,5994.jpg,1
3384,5995.jpg,1
3385,5996.jpg,1
3386,5997.jpg,1
3387,5998.jpg,1
3388,5999.jpg,1
3389,6000.jpg,1
3390,6001.jpg,1
3391,6002.jpg,1
3392,6003.jpg,1
3393,6004.jpg,1
3394,6005.jpg,1
3395,6006.jpg,1
3396,6007.jpg,1
3397,6008.jpg,1
3398,6009.jpg,1
3399,6010.jpg,1
3400,6011.jpg,1
3401,6012.jpg,1
3402,6013.jpg,1
3403,6014.jpg,1
3404,6015.jpg,1
3405,6016.jpg,1
3406,6017.jpg,1
3407,6018.jpg,1
3408,6019.jpg,1
3409,6020.jpg,1
3410,6021.jpg,1
3411,6022.jpg,1
3412,6023.jpg,1
3413,6024.jpg,1
3414,6025.jpg,1
3415,6026.jpg,1
3416,6027.jpg,1
3417,6028.jpg,1
3418,6029.jpg,1
3419,6030.jpg,1
3420,6031.jpg,1
3421,6032.jpg,1
3422,6033.jpg,1
3423,6034.jpg,1
3424,6035.jpg,1
3425,6036.jpg,1
3426,6037.jpg,1
3427,6038.jpg,1
3428,6039.jpg,1
3429,6040.jpg,1
3430,6041.jpg,1
3431,6042.jpg,1
3432,6043.jpg,1
3433,6044.jpg,1
3434,6045.jpg,1
3435,6046.jpg,1
3436,6047.jpg,1
3437,6048.jpg,1
3438,6049.jpg,1
3439,6050.jpg,1
3440,6051.jpg,1
3441,6052.jpg,1
3442,6053.jpg,1
3443,6054.jpg,1
3444,6055.jpg,1
3445,6056.jpg,1
3446,6057.jpg,1
3447,6058.jpg,1
3448,6059.jpg,1
3449,6060.jpg,1
3450,6061.jpg,1
3451,6062.jpg,1
3452,6063.jpg,1
3453,6064.jpg,1
3454,6065.jpg,1
3455,6066.jpg,1
3456,6067.jpg,1
3457,6068.jpg,1
3458,6069.jpg,1
3459,6070.jpg,1
3460,6071.jpg,1
3461,6072.jpg,1
3462,6073.jpg,1
3463,6074.jpg,1
3464,6075.jpg,1
3465,6076.jpg,1
3466,6077.jpg,1
3467,6078.jpg,1
3468,6079.jpg,1
3469,6080.jpg,1
3470,6081.jpg,1
3471,6082.jpg,1
3472,6083.jpg,1
3473,6084.jpg,1
3474,6085.jpg,1
3475,6086.jpg,1
3476,6087.jpg,1
3477,6088.jpg,1
3478,6089.jpg,1
3479,6090.jpg,1
3480,6091.jpg,1
3481,6092.jpg,1
3482,6093.jpg,1
3483,6094.jpg,1
3484,6095.jpg,1
3485,6096.jpg,1
3486,6097.jpg,1
3487,6098.jpg,1
3488,6099.jpg,1
3489,6100.jpg,1
3490,6101.jpg,1
3491,6102.jpg,1
3492,6103.jpg,1
3493,6104.jpg,1
3494,6105.jpg,1
3495,6106.jpg,1
3496,6107.jpg,1
3497,6108.jpg,1
3498,6109.jpg,1
3499,6110.jpg,1
3500,6111.jpg,1
3501,6112.jpg,1
3502,6113.jpg,1
3503,6114.jpg,1
3504,6115.jpg,1
3505,6116.jpg,1
3506,6117.jpg,1
3507,6118.jpg,1
3508,6119.jpg,1
3509,6120.jpg,1
3510,6121.jpg,1
3511,6122.jpg,1
3512,6123.jpg,1
3513,6124.jpg,1
3514,6125.jpg,1
3515,6126.jpg,1
3516,6127.jpg,1
3517,6128.jpg,1
3518,6129.jpg,1
3519,6130.jpg,1
3520,6131.jpg,1
3521,6132.jpg,1
3522,6133.jpg,1
3523,6134.jpg,1
3524,6135.jpg,1
3525,6136.jpg,1
3526,6137.jpg,1
3527,6138.jpg,1
3528,6139.jpg,1
3529,6140.jpg,1
3530,6141.jpg,1
3531,6142.jpg,1
3532,6143.jpg,1
3533,6144.jpg,1
3534,6145.jpg,1
3535,6146.jpg,1
3536,6147.jpg,1
3537,6148.jpg,1
3538,6149.jpg,1
3539,6150.jpg,1
3540,6151.jpg,1
3541,6152.jpg,1
3542,6153.jpg,1
3543,6154.jpg,1
3544,6155.jpg,1
3545,6156.jpg,1
3546,6157.jpg,1
3547,6158.jpg,1
3548,6159.jpg,1
3549,6160.jpg,1
3550,6161.jpg,1
3551,6162.jpg,1
3552,6163.jpg,1
3553,6164.jpg,1
3554,6165.jpg,1
3555,6166.jpg,1
3556,6167.jpg,1
3557,6168.jpg,1
3558,6169.jpg,1
3559,6170.jpg,1
3560,6171.jpg,1
3561,6172.jpg,1
3562,6173.jpg,1
3563,6174.jpg,1
3564,6175.jpg,1
3565,6176.jpg,1
3566,6177.jpg,1
3567,6178.jpg,1
3568,6179.jpg,1
3569,6180.jpg,1
3570,6181.jpg,1
3571,6182.jpg,1
3572,6183.jpg,1
3573,6184.jpg,1
3574,6185.jpg,1
3575,6186.jpg,1
3576,6187.jpg,1
3577,6188.jpg,1
3578,6189.jpg,1
3579,6190.jpg,1
3580,6191.jpg,1
3581,6192.jpg,1
3582,6193.jpg,1
3583,6194.jpg,1
3584,6195.jpg,1
3585,6196.jpg,1
3586,6197.jpg,1
3587,6198.jpg,1
3588,6199.jpg,1
3589,6200.jpg,1
3590,6201.jpg,1
3591,6202.jpg,1
3592,6203.jpg,1
3593,6204.jpg,1
3594,6205.jpg,1
3595,6206.jpg,1
3596,6207.jpg,1
3597,6208.jpg,1
3598,6209.jpg,1
3599,6210.jpg,1
3600,6211.jpg,1
3601,6212.jpg,1
3602,6213.jpg,1
3603,6214.jpg,1
3604,6215.jpg,1
3605,6216.jpg,1
3606,6217.jpg,1
3607,6218.jpg,1
3608,6219.jpg,1
3609,6220.jpg,1
3610,6221.jpg,1
3611,6222.jpg,1
3612,6223.jpg,1
3613,6224.jpg,1
3614,6225.jpg,1
3615,6226.jpg,1
3616,6227.jpg,1
3617,6228.jpg,1
3618,6229.jpg,1
3619,6230.jpg,1
3620,6231.jpg,1
3621,6232.jpg,1
3622,6233.jpg,1
3623,6234.jpg,1
3624,6235.jpg,1
3625,6236.jpg,1
3626,6237.jpg,1
3627,6238.jpg,1
3628,6239.jpg,1
3629,6240.jpg,1
3630,6241.jpg,1
3631,6242.jpg,1
3632,6243.jpg,1
3633,6244.jpg,1
3634,6245.jpg,1
3635,6246.jpg,1
3636,6247.jpg,1
3637,6248.jpg,1
3638,6249.jpg,1
3639,6250.jpg,1
3640,6251.jpg,1
3641,6252.jpg,1
3642,6253.jpg,1
3643,6254.jpg,1
3644,6255.jpg,1
3645,6256.jpg,1
3646,6257.jpg,1
3647,6258.jpg,1
3648,6259.jpg,1
3649,6260.jpg,1
3650,6261.jpg,1
3651,6262.jpg,1
3652,6263.jpg,1
3653,6264.jpg,1
3654,6265.jpg,1
3655,6266.jpg,1
3656,6267.jpg,1
3657,6268.jpg,1
3658,6269.jpg,1
3659,6270.jpg,1
3660,6271.jpg,1
3661,6272.jpg,1
3662,6273.jpg,1
3663,6274.jpg,1
3664,6275.jpg,1
3665,6276.jpg,1
3666,6277.jpg,1
3667,6278.jpg,1
3668,6279.jpg,1
3669,6280.jpg,1
3670,6281.jpg,1
3671,6282.jpg,1
3672,6283.jpg,1
3673,6284.jpg,1
3674,6285.jpg,1
3675,6286.jpg,1
3676,6287.jpg,1
3677,6288.jpg,1
3678,6289.jpg,1
3679,6290.jpg,1
3680,6291.jpg,1
3681,6292.jpg,1
3682,6293.jpg,1
3683,6294.jpg,1
3684,6295.jpg,1
3685,6296.jpg,1
3686,6297.jpg,1
3687,6298.jpg,1
3688,6299.jpg,1
3689,6300.jpg,1
3690,6301.jpg,1
3691,6302.jpg,1
3692,6303.jpg,1
3693,6304.jpg,1
3694,6305.jpg,1
3695,6306.jpg,1
3696,6307.jpg,1
3697,6308.jpg,1
3698,6309.jpg,1
3699,6310.jpg,1
3700,6311.jpg,1
3701,6312.jpg,1
3702,6313.jpg,1
3703,6314.jpg,1
3704,6315.jpg,1
3705,6316.jpg,1
3706,6317.jpg,1
3707,6318.jpg,1
3708,6319.jpg,1
3709,6320.jpg,1
3710,6321.jpg,1
3711,6322.jpg,1
3712,6323.jpg,1
3713,6324.jpg,1
3714,6325.jpg,1
3715,6326.jpg,1
3716,6327.jpg,1
3717,6328.jpg,1
3718,6329.jpg,1
3719,6330.jpg,1
3720,6331.jpg,1
3721,6332.jpg,1
3722,6333.jpg,1
3723,6334.jpg,1
3724,6335.jpg,1
3725,6336.jpg,1
3726,6337.jpg,1
3727,6338.jpg,1
3728,6339.jpg,1
3729,6340.jpg,1
3730,6341.jpg,1
3731,6342.jpg,1
3732,6343.jpg,1
3733,6344.jpg,1
3734,6345.jpg,1
3735,6346.jpg,1
3736,6347.jpg,1
3737,6348.jpg,1
3738,6349.jpg,1
3739,6350.jpg,1
3740,6351.jpg,1
3741,6352.jpg,1
3742,6353.jpg,1
3743,6354.jpg,1
3744,6355.jpg,1
3745,6356.jpg,1
3746,6357.jpg,1
3747,6358.jpg,1
3748,6359.jpg,1
3749,6360.jpg,1
3750,6361.jpg,1
3751,6362.jpg,1
3752,6363.jpg,1
3753,6364.jpg,1
3754,6365.jpg,1
3755,6366.jpg,1
3756,6367.jpg,1
3757,6368.jpg,1
3758,6369.jpg,1
3759,6370.jpg,1
3760,6371.jpg,1
3761,6372.jpg,1
3762,6373.jpg,1
3763,6374.jpg,1
3764,6375.jpg,1
3765,6376.jpg,1
3766,6377.jpg,1
3767,6378.jpg,1
3768,6379.jpg,1
3769,6380.jpg,1
3770,6381.jpg,1
3771,6382.jpg,1
3772,6383.jpg,1
3773,6384.jpg,1
3774,6385.jpg,1
3775,6386.jpg,1
3776,6387.jpg,1
3777,6388.jpg,1
3778,6389.jpg,1
3779,6390.jpg,1
3780,6391.jpg,1
3781,6392.jpg,1
3782,6393.jpg,1
3783,6394.jpg,1
3784,6395.jpg,1
3785,6396.jpg,1
3786,6397.jpg,1
3787,6398.jpg,1
3788,6399.jpg,1
3789,6400.jpg,1
3790,6401.jpg,1
3791,6402.jpg,1
3792,6403.jpg,1
3793,6404.jpg,1
3794,6405.jpg,1
3795,6406.jpg,1
3796,6407.jpg,1
3797,6408.jpg,1
3798,6409.jpg,1
3799,6410.jpg,1
3800,6411.jpg,1
3801,6412.jpg,1
3802,6413.jpg,1
3803,6414.jpg,1
3804,6415.jpg,1
3805,6416.jpg,1
3806,6417.jpg,1
3807,6418.jpg,1
3808,6419.jpg,1
3809,6420.jpg,1
3810,6421.jpg,1
3811,6422.jpg,1
3812,6423.jpg,1
3813,6424.jpg,1
3814,6425.jpg,1
3815,6426.jpg,1
3816,6427.jpg,1
3817,6428.jpg,1
3818,6429.jpg,1
3819,6430.jpg,1
3820,6431.jpg,1
3821,6432.jpg,1
3822,6433.jpg,1
3823,6434.jpg,1
3824,6435.jpg,1
3825,6436.jpg,1
3826,6437.jpg,1
3827,6438.jpg,1
3828,6439.jpg,1
3829,6440.jpg,1
3830,6441.jpg,1
3831,6442.jpg,1
3832,6443.jpg,1
3833,6444.jpg,1
3834,6445.jpg,1
3835,6446.jpg,1
3836,6447.jpg,1
3837,6448.jpg,1
3838,6449.jpg,1
3839,6450.jpg,1
3840,6451.jpg,1
3841,6452.jpg,1
3842,6453.jpg,1
3843,6454.jpg,1
3844,6455.jpg,1
3845,6456.jpg,1
3846,6457.jpg,1
3847,6458.jpg,1
3848,6459.jpg,1
3849,6460.jpg,1
3850,6461.jpg,1
3851,6462.jpg,1
3852,6463.jpg,1
3853,6464.jpg,1
3854,6465.jpg,1
3855,6466.jpg,1
3856,6467.jpg,1
3857,6468.jpg,1
3858,6469.jpg,1
3859,6470.jpg,1
3860,6471.jpg,1
3861,6472.jpg,1
3862,6473.jpg,1
3863,6474.jpg,1
3864,6475.jpg,1
3865,6476.jpg,1
3866,6477.jpg,1
3867,6478.jpg,1
3868,6479.jpg,1
3869,6480.jpg,1
3870,6481.jpg,1
3871,6482.jpg,1
3872,6483.jpg,1
3873,6484.jpg,1
3874,6485.jpg,1
3875,6486.jpg,1
3876,6487.jpg,1
3877,6488.jpg,1
3878,6489.jpg,1
3879,6490.jpg,1
3880,6491.jpg,1
3881,6492.jpg,1
3882,6493.jpg,1
3883,6494.jpg,1
3884,6495.jpg,1
3885,6496.jpg,1
3886,6497.jpg,1
3887,6498.jpg,1
3888,6499.jpg,1
3889,6500.jpg,1
3890,6501.jpg,1
3891,6502.jpg,1
3892,6503.jpg,1
3893,6504.jpg,1
3894,6505.jpg,1
3895,6506.jpg,1
3896,6507.jpg,1
3897,6508.jpg,1
3898,6509.jpg,1
3899,6510.jpg,1
3900,6511.jpg,1
3901,6512.jpg,1
3902,6513.jpg,1
3903,6514.jpg,1
3904,6515.jpg,1
3905,6516.jpg,1
3906,6517.jpg,1
3907,6518.jpg,1
3908,6519.jpg,1
3909,6520.jpg,1
3910,6521.jpg,1
3911,6522.jpg,1
3912,6523.jpg,1
3913,6524.jpg,1
3914,6525.jpg,1
3915,6526.jpg,1
3916,6527.jpg,1
3917,6528.jpg,1
3918,6529.jpg,1
3919,6530.jpg,1
3920,6531.jpg,1
3921,6532.jpg,1
3922,6533.jpg,1
3923,6534.jpg,1
3924,6535.jpg,1
3925,6536.jpg,1
3926,6537.jpg,1
3927,6538.jpg,1
3928,6539.jpg,1
3929,6540.jpg,1
3930,6541.jpg,1
3931,6542.jpg,1
3932,6543.jpg,1
3933,6544.jpg,1
3934,6545.jpg,1
3935,6546.jpg,1
3936,6547.jpg,1
3937,6548.jpg,1
3938,6549.jpg,1
3939,6550.jpg,1
3940,6551.jpg,1
3941,6552.jpg,1
3942,6553.jpg,1
3943,6554.jpg,1
3944,6555.jpg,1
3945,6556.jpg,1
3946,6557.jpg,1
3947,6558.jpg,1
3948,6559.jpg,1
3949,6560.jpg,1
3950,6561.jpg,1
3951,6562.jpg,1
3952,6563.jpg,1
3953,6564.jpg,1
3954,6565.jpg,1
3955,6566.jpg,1
3956,6567.jpg,1
3957,6568.jpg,1
3958,6569.jpg,1
3959,6570.jpg,1
3960,6571.jpg,1
3961,6572.jpg,1
3962,6573.jpg,1
3963,6574.jpg,1
3964,6575.jpg,1
3965,6576.jpg,1
3966,6577.jpg,1
3967,6578.jpg,1
3968,6579.jpg,1
3969,6580.jpg,1
3970,6581.jpg,1
3971,6582.jpg,1
3972,6583.jpg,1
3973,6584.jpg,1
3974,6585.jpg,1
3975,6586.jpg,1
3976,6587.jpg,1
3977,6588.jpg,1
3978,6589.jpg,1
3979,6590.jpg,1
3980,6591.jpg,1
3981,6592.jpg,1
3982,6593.jpg,1
3983,6594.jpg,0
3984,6595.jpg,1
3985,6596.jpg,0
3986,6597.jpg,1
3987,6598.jpg,1
3988,6599.jpg,1
3989,6600.jpg,1
3990,6601.jpg,1
3991,6602.jpg,1
3992,6603.jpg,1
3993,6604.jpg,1
3994,6605.jpg,1
3995,6606.jpg,1
3996,6607.jpg,1
3997,6608.jpg,1
3998,6609.jpg,0
3999,6610.jpg,0
4000,6611.jpg,0
4001,6612.jpg,1
4002,6613.jpg,0
4003,6614.jpg,1
4004,6615.jpg,1
4005,6616.jpg,0
4006,6617.jpg,0
4007,6618.jpg,1
4008,6619.jpg,1
4009,6620.jpg,1
4010,6621.jpg,1
4011,6622.jpg,1
4012,6623.jpg,1
4013,6624.jpg,1
4014,6625.jpg,1
4015,6626.jpg,0
4016,6627.jpg,1
4017,6628.jpg,0
4018,6629.jpg,0
4019,6630.jpg,0
4020,6631.jpg,1
4021,6632.jpg,1
4022,6633.jpg,1
4023,6634.jpg,1
4024,6635.jpg,1
4025,6636.jpg,1
4026,6637.jpg,1
4027,6638.jpg,1
4028,6639.jpg,0
4029,6640.jpg,0
4030,6641.jpg,0
4031,6642.jpg,0
4032,6643.jpg,0
4033,6644.jpg,0
4034,6645.jpg,0
4035,6646.jpg,0
4036,6647.jpg,0
4037,6648.jpg,0
4038,6649.jpg,0
4039,6650.jpg,0
4040,6651.jpg,0
4041,6652.jpg,0
4042,6653.jpg,0
4043,6654.jpg,0
4044,6655.jpg,0
4045,6656.jpg,0
4046,6657.jpg,0
4047,6658.jpg,0
4048,6659.jpg,0
4049,6660.jpg,0
4050,6661.jpg,0
4051,6662.jpg,0
4052,6663.jpg,0
4053,6664.jpg,0
4054,6665.jpg,0
4055,6666.jpg,0
4056,6667.jpg,0
4057,6668.jpg,0
4058,6669.jpg,0
4059,6670.jpg,0
4060,6671.jpg,0
4061,6672.jpg,0
4062,6673.jpg,0
4063,6674.jpg,0
4064,6675.jpg,0
4065,6676.jpg,0
4066,6677.jpg,0
4067,6678.jpg,0
4068,6679.jpg,0
4069,6680.jpg,0
4070,6681.jpg,0
4071,6682.jpg,0
4072,6683.jpg,0
4073,6684.jpg,0
4074,6685.jpg,0
4075,6686.jpg,0
4076,6687.jpg,0
4077,6688.jpg,0
4078,6689.jpg,0
4079,6690.jpg,0
4080,6691.jpg,0
4081,6692.jpg,0
4082,6693.jpg,0
4083,6694.jpg,0
4084,6695.jpg,0
4085,6696.jpg,0
4086,6697.jpg,0
4087,6698.jpg,0
4088,6699.jpg,0
4089,6700.jpg,0
4090,6701.jpg,0
4091,6702.jpg,0
4092,6703.jpg,0
4093,6704.jpg,0
4094,6705.jpg,0
4095,6706.jpg,0
4096,6707.jpg,0
4097,6708.jpg,0
4098,6709.jpg,0
4099,6710.jpg,0
4100,6711.jpg,0
4101,6712.jpg,0
4102,6713.jpg,0
4103,6714.jpg,0
4104,6715.jpg,0
4105,6716.jpg,0
4106,6717.jpg,0
4107,6718.jpg,0
4108,6719.jpg,0
4109,6720.jpg,0
4110,6721.jpg,0
4111,6722.jpg,0
4112,6723.jpg,0
4113,6724.jpg,0
4114,6725.jpg,0
4115,6726.jpg,0
4116,6727.jpg,0
4117,6728.jpg,0
4118,6729.jpg,0
4119,6730.jpg,0
4120,6731.jpg,0
4121,6732.jpg,0
4122,6733.jpg,0
4123,6734.jpg,0
4124,6735.jpg,0
4125,6736.jpg,0
4126,6737.jpg,0
4127,6738.jpg,0
4128,6739.jpg,0
4129,6740.jpg,0
4130,6741.jpg,0
4131,6742.jpg,0
4132,6743.jpg,0
4133,6744.jpg,0
4134,6745.jpg,0
4135,6746.jpg,0
4136,6747.jpg,0
4137,6748.jpg,0
4138,6749.jpg,0
4139,6750.jpg,0
4140,6751.jpg,0
4141,6752.jpg,0
4142,6753.jpg,0
4143,6754.jpg,0
4144,6755.jpg,0
4145,6756.jpg,0
4146,6757.jpg,0
4147,6758.jpg,0
4148,6759.jpg,0
4149,6760.jpg,0
4150,6761.jpg,0
4151,6762.jpg,0
4152,6763.jpg,0
4153,6764.jpg,0
4154,6765.jpg,0
4155,6766.jpg,0
4156,6767.jpg,0
4157,6768.jpg,0
4158,6769.jpg,0
4159,6770.jpg,0
4160,6771.jpg,0
4161,6772.jpg,0
4162,6773.jpg,0
4163,6774.jpg,0
4164,6775.jpg,0
4165,6776.jpg,0
4166,6777.jpg,0
4167,6778.jpg,0
4168,6779.jpg,0
4169,6780.jpg,0
4170,6781.jpg,0
4171,6782.jpg,0
4172,6783.jpg,0
4173,6784.jpg,0
4174,6785.jpg,0
4175,6786.jpg,0
4176,6787.jpg,0
4177,6788.jpg,0
4178,6789.jpg,0
4179,6790.jpg,0
4180,6791.jpg,0
4181,6792.jpg,0
4182,6793.jpg,0
4183,6794.jpg,0
4184,6795.jpg,0
4185,6796.jpg,0
4186,6797.jpg,0
4187,6798.jpg,0
4188,6799.jpg,0
4189,6800.jpg,0
4190,6801.jpg,0
4191,6802.jpg,0
4192,6803.jpg,0
4193,6804.jpg,0
4194,6805.jpg,0
4195,6806.jpg,0
4196,6807.jpg,0
4197,6808.jpg,0
4198,6809.jpg,0
4199,6810.jpg,0
4200,6811.jpg,0
4201,6812.jpg,0
4202,6813.jpg,0
4203,6814.jpg,0
4204,6815.jpg,0
4205,6816.jpg,0
4206,6817.jpg,0
4207,6818.jpg,0
4208,6819.jpg,0
4209,6820.jpg,0
4210,6821.jpg,0
4211,6822.jpg,0
4212,6823.jpg,0
4213,6824.jpg,0
4214,6825.jpg,0
4215,6826.jpg,0
4216,6827.jpg,0
4217,6828.jpg,0
4218,6829.jpg,0
4219,6830.jpg,0
4220,6831.jpg,0
4221,6832.jpg,0
4222,6833.jpg,0
4223,6834.jpg,0
4224,6835.jpg,0
4225,6836.jpg,0
4226,6837.jpg,0
4227,6838.jpg,0
4228,6839.jpg,0
4229,6840.jpg,0
4230,6841.jpg,0
4231,6842.jpg,0
4232,6843.jpg,0
4233,6844.jpg,0
4234,6845.jpg,0
4235,6846.jpg,0
4236,6847.jpg,0
4237,6848.jpg,0
4238,6849.jpg,0
4239,6850.jpg,0
4240,6851.jpg,0
4241,6852.jpg,0
4242,6853.jpg,0
4243,6854.jpg,0
4244,6855.jpg,0
4245,6856.jpg,0
4246,6857.jpg,0
4247,6858.jpg,0
4248,6859.jpg,0
4249,6860.jpg,0
4250,6861.jpg,0
4251,6862.jpg,0
4252,6863.jpg,0
4253,6864.jpg,0
4254,6865.jpg,0
4255,6866.jpg,0
4256,6867.jpg,0
4257,6868.jpg,0
4258,6869.jpg,0
4259,6870.jpg,0
4260,6871.jpg,0
4261,6872.jpg,0
4262,6873.jpg,0
4263,6874.jpg,0
4264,6875.jpg,0
4265,6876.jpg,0
4266,6877.jpg,0
4267,6878.jpg,0
4268,6879.jpg,0
4269,6880.jpg,0
4270,6881.jpg,0
4271,6882.jpg,0
4272,6883.jpg,0
4273,6884.jpg,0
4274,6885.jpg,0
4275,6886.jpg,0
4276,6887.jpg,0
4277,6888.jpg,0
4278,6889.jpg,0
4279,6890.jpg,0
4280,6891.jpg,0
4281,6892.jpg,0
4282,6893.jpg,0
4283,6894.jpg,0
4284,6895.jpg,0
4285,6896.jpg,0
4286,6897.jpg,0
4287,6898.jpg,0
4288,6899.jpg,0
4289,6900.jpg,0
4290,6901.jpg,0
4291,6902.jpg,0
4292,6903.jpg,0
4293,6904.jpg,0
4294,6905.jpg,0
4295,6906.jpg,0
4296,6907.jpg,0
4297,6908.jpg,0
4298,6909.jpg,0
4299,6910.jpg,0
4300,6911.jpg,0
4301,6912.jpg,0
4302,6913.jpg,0
4303,6914.jpg,0
4304,6915.jpg,0
4305,6916.jpg,0
4306,6917.jpg,0
4307,6918.jpg,0
4308,6919.jpg,0
4309,6920.jpg,0
4310,6921.jpg,0
4311,6922.jpg,0
4312,6923.jpg,0
4313,6924.jpg,0
4314,6925.jpg,0
4315,6926.jpg,0
4316,6927.jpg,0
4317,6928.jpg,0
4318,6929.jpg,0
4319,6930.jpg,0
4320,6931.jpg,0
4321,6932.jpg,0
4322,6933.jpg,0
4323,6934.jpg,0
4324,6935.jpg,0
4325,6936.jpg,0
4326,6937.jpg,0
4327,6938.jpg,0
4328,6939.jpg,0
4329,6940.jpg,0
4330,6941.jpg,0
4331,6942.jpg,0
4332,6943.jpg,0
4333,6944.jpg,0
4334,6945.jpg,0
4335,6946.jpg,0
4336,6947.jpg,0
4337,6948.jpg,0
4338,6949.jpg,0
4339,6950.jpg,0
4340,6951.jpg,0
4341,6952.jpg,0
4342,6953.jpg,0
4343,6954.jpg,0
4344,6955.jpg,0
4345,6956.jpg,0
4346,6957.jpg,0
4347,6958.jpg,0
4348,6959.jpg,0
4349,6960.jpg,0
4350,6961.jpg,0
4351,6962.jpg,0
4352,6963.jpg,0
4353,6964.jpg,0
4354,6965.jpg,0
4355,6966.jpg,0
4356,6967.jpg,0
4357,6968.jpg,0
4358,6969.jpg,0
4359,6970.jpg,0
4360,6971.jpg,0
4361,6972.jpg,0
4362,6973.jpg,0
4363,6974.jpg,0
4364,6975.jpg,0
4365,6976.jpg,0
4366,6977.jpg,0
4367,6978.jpg,0
4368,6979.jpg,0
4369,6980.jpg,0
4370,6981.jpg,0
4371,6982.jpg,0
4372,6983.jpg,0
4373,6984.jpg,0
4374,6985.jpg,0
4375,6986.jpg,0
4376,6987.jpg,0
4377,6988.jpg,0
4378,6989.jpg,0
4379,6990.jpg,0
4380,6991.jpg,0
4381,6992.jpg,0
4382,6993.jpg,0
4383,6994.jpg,0
4384,6995.jpg,0
4385,6996.jpg,0
4386,6997.jpg,0
4387,6998.jpg,0
4388,6999.jpg,0
4389,7000.jpg,0
4390,7001.jpg,0
4391,7002.jpg,0
4392,7003.jpg,0
4393,7004.jpg,0
4394,7005.jpg,0
4395,7006.jpg,0
4396,7007.jpg,0
4397,7008.jpg,0
4398,7009.jpg,0
4399,7010.jpg,0
4400,7011.jpg,0
4401,7012.jpg,0
4402,7013.jpg,0
4403,7014.jpg,0
4404,7015.jpg,0
4405,7016.jpg,0
4406,7017.jpg,0
4407,7018.jpg,0
4408,7019.jpg,0
4409,7020.jpg,0
4410,7021.jpg,0
4411,7022.jpg,0
4412,7023.jpg,0
4413,7024.jpg,0
4414,7025.jpg,0
4415,7026.jpg,0
4416,7027.jpg,0
4417,7028.jpg,0
4418,7029.jpg,0
4419,7030.jpg,0
4420,7031.jpg,0
4421,7032.jpg,0
4422,7033.jpg,0
4423,7034.jpg,0
4424,7035.jpg,0
4425,7036.jpg,0
4426,7037.jpg,0
4427,7038.jpg,0
4428,7039.jpg,0
4429,7040.jpg,0
4430,7041.jpg,0
4431,7042.jpg,0
4432,7043.jpg,0
4433,7044.jpg,0
4434,7045.jpg,0
4435,7046.jpg,0
4436,7047.jpg,0
4437,7048.jpg,0
4438,7049.jpg,0
4439,7050.jpg,0
4440,7051.jpg,0
4441,7052.jpg,0
4442,7053.jpg,0
4443,7054.jpg,0
4444,7055.jpg,0
4445,7056.jpg,0
4446,7057.jpg,0
4447,7058.jpg,0
4448,7059.jpg,0
4449,7060.jpg,0
4450,7061.jpg,0
4451,7062.jpg,0
4452,7063.jpg,0
4453,7064.jpg,0
4454,7065.jpg,0
4455,7066.jpg,0
4456,7067.jpg,0
4457,7068.jpg,0
4458,7069.jpg,0
4459,7070.jpg,0
4460,7071.jpg,0
4461,7072.jpg,0
4462,7073.jpg,0
4463,7074.jpg,0
4464,7075.jpg,0
4465,7076.jpg,0
4466,7077.jpg,0
4467,7078.jpg,0
4468,7079.jpg,0
4469,7080.jpg,0
4470,7081.jpg,0
4471,7082.jpg,0
4472,7083.jpg,0
4473,7084.jpg,0
4474,7085.jpg,0
4475,7086.jpg,0
4476,7087.jpg,0
4477,7088.jpg,0
4478,7089.jpg,0
4479,7090.jpg,0
4480,7091.jpg,0
4481,7092.jpg,0
4482,7093.jpg,0
4483,7094.jpg,0
4484,7095.jpg,0
4485,7096.jpg,0
4486,7097.jpg,0
4487,7098.jpg,0
4488,7099.jpg,0
4489,7100.jpg,0
4490,7101.jpg,0
4491,7102.jpg,0
4492,7103.jpg,0
4493,7104.jpg,0
4494,7105.jpg,0
4495,7106.jpg,0
4496,7107.jpg,0
4497,7108.jpg,0
4498,7109.jpg,0
4499,7110.jpg,0
4500,7111.jpg,0
4501,7112.jpg,0
4502,7113.jpg,0
4503,7114.jpg,0
4504,7115.jpg,0
4505,7116.jpg,0
4506,7117.jpg,0
4507,7118.jpg,0
4508,7119.jpg,0
4509,7120.jpg,0
4510,7121.jpg,0
4511,7122.jpg,0
4512,7123.jpg,0
4513,7124.jpg,0
4514,7125.jpg,0
4515,7126.jpg,0
4516,7127.jpg,0
4517,7128.jpg,0
4518,7129.jpg,0
4519,7130.jpg,0
4520,7131.jpg,0
4521,7132.jpg,0
4522,7133.jpg,0
4523,7134.jpg,0
4524,7135.jpg,0
4525,7136.jpg,0
4526,7137.jpg,0
4527,7138.jpg,0
4528,7139.jpg,0
4529,7140.jpg,0
4530,7141.jpg,0
4531,7142.jpg,0
4532,7143.jpg,0
4533,7144.jpg,0
4534,7145.jpg,0
4535,7146.jpg,0
4536,7147.jpg,0
4537,7148.jpg,0
4538,7149.jpg,0
4539,7150.jpg,0
4540,7151.jpg,0
4541,7152.jpg,0
4542,7153.jpg,0
4543,7154.jpg,0
4544,7155.jpg,0
4545,7156.jpg,0
4546,7157.jpg,0
4547,7158.jpg,0
4548,7159.jpg,0
4549,7160.jpg,0
4550,7161.jpg,0
4551,7162.jpg,0
4552,7163.jpg,0
4553,7164.jpg,0
4554,7165.jpg,0
4555,7166.jpg,0
4556,7167.jpg,0
4557,7168.jpg,0
4558,7169.jpg,0
4559,7170.jpg,0
4560,7171.jpg,0
4561,7172.jpg,0
4562,7173.jpg,0
4563,7174.jpg,0
4564,7175.jpg,0
4565,7176.jpg,0
4566,7177.jpg,0
4567,7178.jpg,0
4568,7179.jpg,0
4569,7180.jpg,0
4570,7181.jpg,0
4571,7182.jpg,0
4572,7183.jpg,0
4573,7184.jpg,0
4574,7185.jpg,0
4575,7186.jpg,0
4576,7187.jpg,0
4577,7188.jpg,0
4578,7189.jpg,0
4579,7190.jpg,0
4580,7191.jpg,0
4581,7192.jpg,0
4582,7193.jpg,0
4583,7194.jpg,0
4584,7195.jpg,0
4585,7196.jpg,0
4586,7197.jpg,0
4587,7198.jpg,0
4588,7199.jpg,0
4589,7200.jpg,0
4590,7201.jpg,0
4591,7202.jpg,0
4592,7203.jpg,0
4593,7204.jpg,0
4594,7205.jpg,0
4595,7206.jpg,0
4596,7207.jpg,0
4597,7208.jpg,0
4598,7209.jpg,0
4599,7210.jpg,0
4600,7211.jpg,0
4601,7212.jpg,0
4602,7213.jpg,0
4603,7214.jpg,0
4604,7215.jpg,0
4605,7216.jpg,0
4606,7217.jpg,0
4607,7218.jpg,0
4608,7219.jpg,0
4609,7220.jpg,0
4610,7221.jpg,0
4611,7222.jpg,0
4612,7223.jpg,0
4613,7224.jpg,0
4614,7225.jpg,0
4615,7226.jpg,0
4616,7227.jpg,0
4617,7228.jpg,0
4618,7229.jpg,0
4619,7230.jpg,0
4620,7231.jpg,0
4621,7232.jpg,0
4622,7233.jpg,0
4623,7234.jpg,0
4624,7235.jpg,0
4625,7236.jpg,0
4626,7237.jpg,0
4627,7238.jpg,0
4628,7239.jpg,0
4629,7240.jpg,0
4630,7241.jpg,0
4631,7242.jpg,0
4632,7243.jpg,0
4633,7244.jpg,0
4634,7245.jpg,0
4635,7246.jpg,0
4636,7247.jpg,0
4637,7248.jpg,0
4638,7249.jpg,0
4639,7250.jpg,0
4640,7251.jpg,0
4641,7252.jpg,0
4642,7253.jpg,0
4643,7254.jpg,0
4644,7255.jpg,0
4645,7256.jpg,0
4646,7257.jpg,0
4647,7258.jpg,0
4648,7259.jpg,0
4649,7260.jpg,0
4650,7261.jpg,0
4651,7262.jpg,0
4652,7263.jpg,0
4653,7264.jpg,0
4654,7265.jpg,0
4655,7266.jpg,0
4656,7267.jpg,0
4657,7268.jpg,0
4658,7269.jpg,0
4659,7270.jpg,0
4660,7271.jpg,0
4661,7272.jpg,0
4662,7273.jpg,0
4663,7274.jpg,0
4664,7275.jpg,0
4665,7276.jpg,0
4666,7277.jpg,0
4667,7278.jpg,0
4668,7279.jpg,0
4669,7280.jpg,0
4670,7281.jpg,0
4671,7282.jpg,0
4672,7283.jpg,0
4673,7284.jpg,0
4674,7285.jpg,0
4675,7286.jpg,0
4676,7287.jpg,0
4677,7288.jpg,0
4678,7289.jpg,0
4679,7290.jpg,0
4680,7291.jpg,0
4681,7292.jpg,0
4682,7293.jpg,0
4683,7294.jpg,0
4684,7295.jpg,0
4685,7296.jpg,0
4686,7297.jpg,0
4687,7298.jpg,0
4688,7299.jpg,0
4689,7300.jpg,0
4690,7301.jpg,0
4691,7302.jpg,0
4692,7303.jpg,0
4693,7304.jpg,0
4694,7305.jpg,0
4695,7306.jpg,0
4696,7307.jpg,0
4697,7308.jpg,0
4698,7309.jpg,0
4699,7310.jpg,0
4700,7311.jpg,0
4701,7312.jpg,0
4702,7313.jpg,0
4703,7314.jpg,0
4704,7315.jpg,0
4705,7316.jpg,0
4706,7317.jpg,0
4707,7318.jpg,0
4708,7319.jpg,0
4709,7320.jpg,0
4710,7321.jpg,0
4711,7322.jpg,0
4712,7323.jpg,0
4713,7324.jpg,0
4714,7325.jpg,0
4715,7326.jpg,0
4716,7327.jpg,0
4717,7328.jpg,0
4718,7329.jpg,0
4719,7330.jpg,0
4720,7331.jpg,0
4721,7332.jpg,0
4722,7333.jpg,0
4723,7334.jpg,0
4724,7335.jpg,0
4725,7336.jpg,0
4726,7337.jpg,0
4727,7338.jpg,0
4728,7339.jpg,0
4729,7340.jpg,0
4730,7341.jpg,0
4731,7342.jpg,0
4732,7343.jpg,0
4733,7344.jpg,0
4734,7345.jpg,0
4735,7346.jpg,0
4736,7347.jpg,0
4737,7348.jpg,0
4738,7349.jpg,0
4739,7350.jpg,0
4740,7351.jpg,0
4741,7352.jpg,0
4742,7353.jpg,0
4743,7354.jpg,0
4744,7355.jpg,0
4745,7356.jpg,0
4746,7357.jpg,0
4747,7358.jpg,0
4748,7359.jpg,0
4749,7360.jpg,0
4750,7361.jpg,0
4751,7362.jpg,0
4752,7363.jpg,0
4753,7364.jpg,0
4754,7365.jpg,0
4755,7366.jpg,0
4756,7367.jpg,0
4757,7368.jpg,0
4758,7369.jpg,0
4759,7370.jpg,0
4760,7371.jpg,0
4761,7372.jpg,0
4762,7373.jpg,0
4763,7374.jpg,0
4764,7375.jpg,0
4765,7376.jpg,0
4766,7377.jpg,0
4767,7378.jpg,0
4768,7379.jpg,0
4769,7380.jpg,0
4770,7381.jpg,0
4771,7382.jpg,0
4772,7383.jpg,0
4773,7384.jpg,0
4774,7385.jpg,0
4775,7386.jpg,0
4776,7387.jpg,0
4777,7388.jpg,0
4778,7389.jpg,0
4779,7390.jpg,0
4780,7391.jpg,0
4781,7392.jpg,0
4782,7393.jpg,0
4783,7394.jpg,0
4784,7395.jpg,0
4785,7396.jpg,0
4786,7397.jpg,0
4787,7398.jpg,0
4788,7399.jpg,0
4789,7400.jpg,0
4790,7401.jpg,0
4791,7402.jpg,0
4792,7403.jpg,0
4793,7404.jpg,0
4794,7405.jpg,0
4795,7406.jpg,0
4796,7407.jpg,0
4797,7408.jpg,0
4798,7409.jpg,0
4799,7410.jpg,0
4800,7411.jpg,0
4801,7412.jpg,0
4802,7413.jpg,0
4803,7414.jpg,0
4804,7415.jpg,0
4805,7416.jpg,0
4806,7417.jpg,0
4807,7418.jpg,0
4808,7419.jpg,0
4809,7420.jpg,0
4810,7421.jpg,0
4811,7422.jpg,0
4812,7423.jpg,0
4813,7424.jpg,0
4814,7425.jpg,0
4815,7426.jpg,0
4816,7427.jpg,0
4817,7428.jpg,0
4818,7429.jpg,0
4819,7430.jpg,0
4820,7431.jpg,0
4821,7432.jpg,0
4822,7433.jpg,0
4823,7434.jpg,0
4824,7435.jpg,0
4825,7436.jpg,0
4826,7437.jpg,0
4827,7438.jpg,0
4828,7439.jpg,0
4829,7440.jpg,0
4830,7441.jpg,0
4831,7442.jpg,0
4832,7443.jpg,0
4833,7444.jpg,0
4834,7445.jpg,0
4835,7446.jpg,0
4836,7447.jpg,0
4837,7448.jpg,0
4838,7449.jpg,0
4839,7450.jpg,0
4840,7451.jpg,0
4841,7452.jpg,0
4842,7453.jpg,0
4843,7454.jpg,0
4844,7455.jpg,0
4845,7456.jpg,0
4846,7457.jpg,0
4847,7458.jpg,0
4848,7459.jpg,0
4849,7460.jpg,0
4850,7461.jpg,0
4851,7462.jpg,0
4852,7463.jpg,0
4853,7464.jpg,0
4854,7465.jpg,0
4855,7466.jpg,0
4856,7467.jpg,0
4857,7468.jpg,0
4858,7469.jpg,0
4859,7470.jpg,0
4860,7471.jpg,0
4861,7472.jpg,0
4862,7473.jpg,0
4863,7474.jpg,0
4864,7475.jpg,0
4865,7476.jpg,0
4866,7477.jpg,0
4867,7478.jpg,0
4868,7479.jpg,0
4869,7480.jpg,0
4870,7481.jpg,0
4871,7482.jpg,0
4872,7483.jpg,0
4873,7484.jpg,0
4874,7485.jpg,0
4875,7486.jpg,0
4876,7487.jpg,0
4877,7488.jpg,0
4878,7489.jpg,0
4879,7490.jpg,0
4880,7491.jpg,0
4881,7492.jpg,0
4882,7493.jpg,0
4883,7494.jpg,0
4884,7495.jpg,0
4885,7496.jpg,0
4886,7497.jpg,0
4887,7498.jpg,0
4888,7499.jpg,0
4889,7500.jpg,0
4890,7501.jpg,0
4891,7502.jpg,0
4892,7503.jpg,0
4893,7504.jpg,0
4894,7505.jpg,0
4895,7506.jpg,0
4896,7507.jpg,0
4897,7508.jpg,0
4898,7509.jpg,0
4899,7510.jpg,0
4900,7511.jpg,0
4901,7512.jpg,0
4902,7513.jpg,0
4903,7514.jpg,0
4904,7515.jpg,0
4905,7516.jpg,0
4906,7517.jpg,0
4907,7518.jpg,0
4908,7519.jpg,0
4909,7520.jpg,0
4910,7521.jpg,0
4911,7522.jpg,0
4912,7523.jpg,0
4913,7524.jpg,0
4914,7525.jpg,0
4915,7526.jpg,0
4916,7527.jpg,0
4917,7528.jpg,0
4918,7529.jpg,0
4919,7530.jpg,0
4920,7531.jpg,0
4921,7532.jpg,0
4922,7533.jpg,0
4923,7534.jpg,0
4924,7535.jpg,0
4925,7536.jpg,0
4926,7537.jpg,0
4927,7538.jpg,0
4928,7539.jpg,0
4929,7540.jpg,0
4930,7541.jpg,0
4931,7542.jpg,0
4932,7543.jpg,0
4933,7544.jpg,0
4934,7545.jpg,0
4935,7546.jpg,0
4936,7547.jpg,0
4937,7548.jpg,0
4938,7549.jpg,0
4939,7550.jpg,0
4940,7551.jpg,0
4941,7552.jpg,0
4942,7553.jpg,0
4943,7554.jpg,0
4944,7555.jpg,0
4945,7556.jpg,0
4946,7557.jpg,0
4947,7558.jpg,0
4948,7559.jpg,0
4949,7560.jpg,0
4950,7561.jpg,0
4951,7562.jpg,0
4952,7563.jpg,0
4953,7564.jpg,0
4954,7565.jpg,0
4955,7566.jpg,0
4956,7567.jpg,0
4957,7568.jpg,0
4958,7569.jpg,0
4959,7570.jpg,0
4960,7571.jpg,0
4961,7572.jpg,0
4962,7573.jpg,0
4963,7574.jpg,0
4964,7575.jpg,0
4965,7576.jpg,0
4966,7577.jpg,0
4967,7578.jpg,0
4968,7579.jpg,0
4969,7580.jpg,0
4970,7581.jpg,0
4971,7582.jpg,0
4972,7583.jpg,0
4973,7584.jpg,0
4974,7585.jpg,0
4975,7586.jpg,0
4976,7587.jpg,0
4977,7588.jpg,0
4978,7589.jpg,0
4979,7590.jpg,0
4980,7591.jpg,0
4981,7592.jpg,0
4982,7593.jpg,0
4983,7594.jpg,0
4984,7595.jpg,0
4985,7596.jpg,0
4986,7597.jpg,0
4987,7598.jpg,0
4988,7599.jpg,0
4989,7600.jpg,0
4990,7601.jpg,0
4991,7602.jpg,0
4992,7603.jpg,0
4993,7604.jpg,0
4994,7605.jpg,0
4995,7606.jpg,0
4996,7607.jpg,0
4997,7608.jpg,0
4998,7609.jpg,0
4999,7610.jpg,0
5000,7611.jpg,0
5001,7612.jpg,0
5002,7613.jpg,0
5003,7614.jpg,0
5004,7615.jpg,0
5005,7616.jpg,0
5006,7617.jpg,0
5007,7618.jpg,0
5008,7619.jpg,0
5009,7620.jpg,0
5010,7621.jpg,0
5011,7622.jpg,0
5012,7623.jpg,0
5013,7624.jpg,0
5014,7625.jpg,0
5015,7626.jpg,0
5016,7627.jpg,0
5017,7628.jpg,0
5018,7629.jpg,0
5019,7630.jpg,0
5020,7631.jpg,0
5021,7632.jpg,0
5022,7633.jpg,0
5023,7634.jpg,0
5024,7635.jpg,0
5025,7636.jpg,0
5026,7637.jpg,0
5027,7638.jpg,0
5028,7639.jpg,0
5029,7640.jpg,0
5030,7641.jpg,0
5031,7642.jpg,0
5032,7643.jpg,0
5033,7644.jpg,0
5034,7645.jpg,0
5035,7646.jpg,0
5036,7647.jpg,0
5037,7648.jpg,1
5038,7649.jpg,1
5039,7650.jpg,0
5040,7651.jpg,0
5041,7652.jpg,0
5042,7653.jpg,0
5043,7654.jpg,0
5044,7655.jpg,0
5045,7656.jpg,0
5046,7657.jpg,0
5047,7658.jpg,0
5048,7659.jpg,1
5049,7660.jpg,0
5050,7661.jpg,0
5051,7662.jpg,1
5052,7663.jpg,1
5053,7664.jpg,1
5054,7665.jpg,1
5055,7666.jpg,1
5056,7667.jpg,1
5057,7668.jpg,1
5058,7669.jpg,1
5059,7670.jpg,1
5060,7671.jpg,1
5061,7672.jpg,1
5062,7673.jpg,1
5063,7674.jpg,1
5064,7675.jpg,1
5065,7676.jpg,1
5066,7677.jpg,1
5067,7678.jpg,1
5068,7679.jpg,1
5069,7680.jpg,1
5070,7681.jpg,1
5071,7682.jpg,1
5072,7683.jpg,1
5073,7684.jpg,1
5074,7685.jpg,1
5075,7686.jpg,1
5076,7687.jpg,1
5077,7688.jpg,1
5078,7689.jpg,1
5079,7690.jpg,1
5080,7691.jpg,1
5081,7692.jpg,1
5082,7693.jpg,1
5083,7694.jpg,1
5084,7695.jpg,1
5085,7696.jpg,1
5086,7697.jpg,1
5087,7698.jpg,1
5088,7699.jpg,1
5089,7700.jpg,1
5090,7701.jpg,1
5091,7702.jpg,1
5092,7703.jpg,1
5093,7704.jpg,1
5094,7705.jpg,1
5095,7706.jpg,1
5096,7707.jpg,1
5097,7708.jpg,1
5098,7709.jpg,1
5099,7710.jpg,1
5100,7711.jpg,1
5101,7712.jpg,1
5102,7713.jpg,1
5103,7714.jpg,1
5104,7715.jpg,1
5105,7716.jpg,1
5106,7717.jpg,1
5107,7718.jpg,1
5108,7719.jpg,1
5109,7720.jpg,1
5110,7721.jpg,1
5111,7722.jpg,1
5112,7723.jpg,1
5113,7724.jpg,1
5114,7725.jpg,1
5115,7726.jpg,1
5116,7727.jpg,1
5117,7728.jpg,1
5118,7729.jpg,1
5119,7730.jpg,1
5120,7731.jpg,1
5121,7732.jpg,1
5122,7733.jpg,1
5123,7734.jpg,1
5124,7735.jpg,1
5125,7736.jpg,1
5126,7737.jpg,1
5127,7738.jpg,1
5128,7739.jpg,1
5129,7740.jpg,1
5130,7741.jpg,1
5131,7742.jpg,1
5132,7743.jpg,1
5133,7744.jpg,1
5134,7745.jpg,1
5135,7746.jpg,1
5136,7747.jpg,1
5137,7748.jpg,1
5138,7749.jpg,1
5139,7750.jpg,1
5140,7751.jpg,1
5141,7752.jpg,1
5142,7753.jpg,1
5143,7754.jpg,1
5144,7755.jpg,1
5145,7756.jpg,1
5146,7757.jpg,1
5147,7758.jpg,1
5148,7759.jpg,1
5149,7760.jpg,1
5150,7761.jpg,1
5151,7762.jpg,1
5152,7763.jpg,1
5153,7764.jpg,1
5154,7765.jpg,1
5155,7766.jpg,1
5156,7767.jpg,1
5157,7768.jpg,1
5158,7769.jpg,1
5159,7770.jpg,1
5160,7771.jpg,1
5161,7772.jpg,1
5162,7773.jpg,1
5163,7774.jpg,1
5164,7775.jpg,1
5165,7776.jpg,1
5166,7777.jpg,1
5167,7778.jpg,1
5168,7779.jpg,1
5169,7780.jpg,1
5170,7781.jpg,1
5171,7782.jpg,1
5172,7783.jpg,1
5173,7784.jpg,1
5174,7785.jpg,1
5175,7786.jpg,1
5176,7787.jpg,1
5177,7788.jpg,1
5178,7789.jpg,1
5179,7790.jpg,1
5180,7791.jpg,1
5181,7792.jpg,1
5182,7793.jpg,1
5183,7794.jpg,1
5184,7795.jpg,1
5185,7796.jpg,1
5186,7797.jpg,1
5187,7798.jpg,1
5188,7799.jpg,1
5189,7800.jpg,1
5190,7801.jpg,1
5191,7802.jpg,1
5192,7803.jpg,1
5193,7804.jpg,1
5194,7805.jpg,1
5195,7806.jpg,1
5196,7807.jpg,1
5197,7808.jpg,1
5198,7809.jpg,1
5199,7810.jpg,1
5200,7811.jpg,1
5201,7812.jpg,1
5202,7813.jpg,1
5203,7814.jpg,1
5204,7815.jpg,1
5205,7816.jpg,1
5206,7817.jpg,1
5207,7818.jpg,1
5208,7819.jpg,1
5209,7820.jpg,1
5210,7821.jpg,1
5211,7822.jpg,1
5212,7823.jpg,1
5213,7824.jpg,1
5214,7825.jpg,1
5215,7826.jpg,1
5216,7827.jpg,1
5217,7828.jpg,1
5218,7829.jpg,1
5219,7830.jpg,1
5220,7831.jpg,1
5221,7832.jpg,1
5222,7833.jpg,1
5223,7834.jpg,1
5224,7835.jpg,1
5225,7836.jpg,1
5226,7837.jpg,1
5227,7838.jpg,1
5228,7839.jpg,1
5229,7840.jpg,1
5230,7841.jpg,1
5231,7842.jpg,1
5232,7843.jpg,1
5233,7844.jpg,1
5234,7845.jpg,1
5235,7846.jpg,1
5236,7847.jpg,1
5237,7848.jpg,1
5238,7849.jpg,1
5239,7850.jpg,1
5240,7851.jpg,1
5241,7852.jpg,1
5242,7853.jpg,1
5243,7854.jpg,1
5244,7855.jpg,1
5245,7856.jpg,1
5246,7857.jpg,1
5247,7858.jpg,1
5248,7859.jpg,1
5249,7860.jpg,1
5250,7861.jpg,1
5251,7862.jpg,1
5252,7863.jpg,1
5253,7864.jpg,1
5254,7865.jpg,1
5255,7866.jpg,1
5256,7867.jpg,1
5257,7868.jpg,1
5258,7869.jpg,1
5259,7870.jpg,1
5260,7871.jpg,1
5261,7872.jpg,1
5262,7873.jpg,1
5263,7874.jpg,1
5264,7875.jpg,1
5265,7876.jpg,1
5266,7877.jpg,1
5267,7878.jpg,1
5268,7879.jpg,1
5269,7880.jpg,1
5270,7881.jpg,1
5271,7882.jpg,1
5272,7883.jpg,1
5273,7884.jpg,1
5274,7885.jpg,1
5275,7886.jpg,1
5276,7887.jpg,1
5277,7888.jpg,1
5278,7889.jpg,1
5279,7890.jpg,1
5280,7891.jpg,1
5281,7892.jpg,1
5282,7893.jpg,1
5283,7894.jpg,1
5284,7895.jpg,1
5285,7896.jpg,1
5286,7897.jpg,1
5287,7898.jpg,1
5288,7899.jpg,1
5289,7900.jpg,1
5290,7901.jpg,1
5291,7902.jpg,1
5292,7903.jpg,1
5293,7904.jpg,1
5294,7905.jpg,1
5295,7906.jpg,1
5296,7907.jpg,1
5297,7908.jpg,1
5298,7909.jpg,1
5299,7910.jpg,1
5300,7911.jpg,1
5301,7912.jpg,1
5302,7913.jpg,1
5303,7914.jpg,1
5304,7915.jpg,1
5305,7916.jpg,1
5306,7917.jpg,1
5307,7918.jpg,1
5308,7919.jpg,1
5309,7920.jpg,1
5310,7921.jpg,1
5311,7922.jpg,1
5312,7923.jpg,1
5313,7924.jpg,1
5314,7925.jpg,1
5315,7926.jpg,1
5316,7927.jpg,1
5317,7928.jpg,1
5318,7929.jpg,1
5319,7930.jpg,1
5320,7931.jpg,1
5321,7932.jpg,1
5322,7933.jpg,1
5323,7934.jpg,1
5324,7935.jpg,1
5325,7936.jpg,1
5326,7937.jpg,1
5327,7938.jpg,1
5328,7939.jpg,1
5329,7940.jpg,1
5330,7941.jpg,1
5331,7942.jpg,1
5332,7943.jpg,1
5333,7944.jpg,1
5334,7945.jpg,1
5335,7946.jpg,1
5336,7947.jpg,1
5337,7948.jpg,1
5338,7949.jpg,1
5339,7950.jpg,1
5340,7951.jpg,1
5341,7952.jpg,1
5342,7953.jpg,1
5343,7954.jpg,0
5344,7955.jpg,0
5345,7956.jpg,0
5346,7957.jpg,0
5347,7958.jpg,0
5348,7959.jpg,0
5349,7960.jpg,0
5350,7961.jpg,0
5351,7962.jpg,0
5352,7963.jpg,0
5353,7964.jpg,0
5354,7965.jpg,0
5355,7966.jpg,0
5356,7967.jpg,0
5357,7968.jpg,0
5358,7969.jpg,0
5359,7970.jpg,0
5360,7971.jpg,0
5361,7972.jpg,0
5362,7973.jpg,0
5363,7974.jpg,0
5364,7975.jpg,0
5365,7976.jpg,0
5366,7977.jpg,0
5367,7978.jpg,0
5368,7979.jpg,0
5369,7980.jpg,0
5370,7981.jpg,0
5371,7982.jpg,0
5372,7983.jpg,0
5373,7984.jpg,0
5374,7985.jpg,0
5375,7986.jpg,0
5376,7987.jpg,0
5377,7988.jpg,0
5378,7989.jpg,0
5379,7990.jpg,0
5380,7991.jpg,0
5381,7992.jpg,0
5382,7993.jpg,0
5383,7994.jpg,0
5384,7995.jpg,0
5385,7996.jpg,0
5386,7997.jpg,0
5387,7998.jpg,0
5388,7999.jpg,0
5389,8000.jpg,0
5390,8001.jpg,0
5391,8002.jpg,0
5392,8003.jpg,0
5393,8004.jpg,0
5394,8005.jpg,0
5395,8006.jpg,0
5396,8007.jpg,0
5397,8008.jpg,0
5398,8009.jpg,0
5399,8010.jpg,0
5400,8011.jpg,0
5401,8012.jpg,0
5402,8013.jpg,0
5403,8014.jpg,0
5404,8015.jpg,0
5405,8016.jpg,0
5406,8017.jpg,0
5407,8018.jpg,0
5408,8019.jpg,0
5409,8020.jpg,0
5410,8021.jpg,0
5411,8022.jpg,0
5412,8023.jpg,0
5413,8024.jpg,0
5414,8025.jpg,0
5415,8026.jpg,0
5416,8027.jpg,0
5417,8028.jpg,0
5418,8029.jpg,0
5419,8030.jpg,0
5420,8031.jpg,0
5421,8032.jpg,0
5422,8033.jpg,0
5423,8034.jpg,0
5424,8035.jpg,0
5425,8036.jpg,0
5426,8037.jpg,0
5427,8038.jpg,0
5428,8039.jpg,0
5429,8040.jpg,0
5430,8041.jpg,0
5431,8042.jpg,0
5432,8043.jpg,0
5433,8044.jpg,0
5434,8045.jpg,0
5435,8046.jpg,0
5436,8047.jpg,0
5437,8048.jpg,0
5438,8049.jpg,0
5439,8050.jpg,0
5440,8051.jpg,0
5441,8052.jpg,0
5442,8053.jpg,0
5443,8054.jpg,0
5444,8055.jpg,0
5445,8056.jpg,0
5446,8057.jpg,0
5447,8058.jpg,0
5448,8059.jpg,0
5449,8060.jpg,0
5450,8061.jpg,0
5451,8062.jpg,0
5452,8063.jpg,0
5453,8064.jpg,0
5454,8065.jpg,0
5455,8066.jpg,0
5456,8067.jpg,0
5457,8068.jpg,0
5458,8069.jpg,0
5459,8070.jpg,0
5460,8071.jpg,0
5461,8072.jpg,0
5462,8073.jpg,0
5463,8074.jpg,0
5464,8075.jpg,0
5465,8076.jpg,0
5466,8077.jpg,0
5467,8078.jpg,0
5468,8079.jpg,0
5469,8080.jpg,0
5470,8081.jpg,0
5471,8082.jpg,0
5472,8083.jpg,0
5473,8084.jpg,0
5474,8085.jpg,0
5475,8086.jpg,0
5476,8087.jpg,0
5477,8088.jpg,0
5478,8089.jpg,0
5479,8090.jpg,0
5480,8091.jpg,0
5481,8092.jpg,0
5482,8093.jpg,0
5483,8094.jpg,0
5484,8095.jpg,0
5485,8096.jpg,0
5486,8097.jpg,0
5487,8098.jpg,0
5488,8099.jpg,0
5489,8100.jpg,0
5490,8101.jpg,0
5491,8102.jpg,0
5492,8103.jpg,0
5493,8104.jpg,0
5494,8105.jpg,0
5495,8106.jpg,0
5496,8107.jpg,0
5497,8108.jpg,0
5498,8109.jpg,0
5499,8110.jpg,0
5500,8111.jpg,0
5501,8112.jpg,0
5502,8113.jpg,0
5503,8114.jpg,0
5504,8115.jpg,0
5505,8116.jpg,0
5506,8117.jpg,0
5507,8118.jpg,0
5508,8119.jpg,0
5509,8120.jpg,0
5510,8121.jpg,0
5511,8122.jpg,0
5512,8123.jpg,0
5513,8124.jpg,0
5514,8125.jpg,0
5515,8126.jpg,0
5516,8127.jpg,0
5517,8128.jpg,0
5518,8129.jpg,0
5519,8130.jpg,0
5520,8131.jpg,0
5521,8132.jpg,0
5522,8133.jpg,0
5523,8134.jpg,0
5524,8135.jpg,0
5525,8136.jpg,0
5526,8137.jpg,0
5527,8138.jpg,0
5528,8139.jpg,1
5529,8140.jpg,1
5530,8141.jpg,1
5531,8142.jpg,1
5532,8143.jpg,1
5533,8144.jpg,1
5534,8145.jpg,1
5535,8146.jpg,1
5536,8147.jpg,1
5537,8148.jpg,0
5538,8149.jpg,0
5539,8150.jpg,0
5540,8151.jpg,0
5541,8152.jpg,0
5542,8153.jpg,0
5543,8154.jpg,0
5544,8155.jpg,0
5545,8156.jpg,0
5546,8157.jpg,0
5547,8158.jpg,0
5548,8159.jpg,1
5549,8160.jpg,1
5550,8161.jpg,1
5551,8162.jpg,1
5552,8163.jpg,1
5553,8164.jpg,1
5554,8165.jpg,1
5555,8166.jpg,1
5556,8167.jpg,1
5557,8168.jpg,1
5558,8169.jpg,1
5559,8170.jpg,1
5560,8171.jpg,1
5561,8172.jpg,1
5562,8173.jpg,1
5563,8174.jpg,1
5564,8175.jpg,1
5565,8176.jpg,0
5566,8177.jpg,0
5567,8178.jpg,0
5568,8179.jpg,0
5569,8180.jpg,0
5570,8181.jpg,0
5571,8182.jpg,0
5572,8183.jpg,0
5573,8184.jpg,0
5574,8185.jpg,0
5575,8186.jpg,0
5576,8187.jpg,0
5577,8188.jpg,0
5578,8189.jpg,0
5579,8190.jpg,0
5580,8191.jpg,0
5581,8192.jpg,0
5582,8193.jpg,0
5583,8194.jpg,0
5584,8195.jpg,0
5585,8196.jpg,0
5586,8197.jpg,0
5587,8198.jpg,0
5588,8199.jpg,0
5589,8200.jpg,0
5590,8201.jpg,0
5591,8202.jpg,0
5592,8203.jpg,0
5593,8204.jpg,0
5594,8205.jpg,0
5595,8206.jpg,0
5596,8207.jpg,0
5597,8208.jpg,0
5598,8209.jpg,0
5599,8210.jpg,0
5600,8211.jpg,0
5601,8212.jpg,0
5602,8213.jpg,0
5603,8214.jpg,0
5604,8215.jpg,0
5605,8216.jpg,0
5606,8217.jpg,0
5607,8218.jpg,0
5608,8219.jpg,0
5609,8220.jpg,0
5610,8221.jpg,0
5611,8222.jpg,0
5612,8223.jpg,0
5613,8224.jpg,0
5614,8225.jpg,0
5615,8226.jpg,0
5616,8227.jpg,0
5617,8228.jpg,0
5618,8229.jpg,0
5619,8230.jpg,0
5620,8231.jpg,0
5621,8232.jpg,0
5622,8233.jpg,0
5623,8234.jpg,0
5624,8235.jpg,0
5625,8236.jpg,0
5626,8237.jpg,0
5627,8238.jpg,0
5628,8239.jpg,0
5629,8240.jpg,0
5630,8241.jpg,0
5631,8242.jpg,0
5632,8243.jpg,0
5633,8244.jpg,0
5634,8245.jpg,0
5635,8246.jpg,0
5636,8247.jpg,0
5637,8248.jpg,0
5638,8249.jpg,0
5639,8250.jpg,0
5640,8251.jpg,0
5641,8252.jpg,0
5642,8253.jpg,0
5643,8254.jpg,0
5644,8255.jpg,0
5645,8256.jpg,0
5646,8257.jpg,0
5647,8258.jpg,0
5648,8259.jpg,0
5649,8260.jpg,0
5650,8261.jpg,0
5651,8262.jpg,0
5652,8263.jpg,0
5653,8264.jpg,0
5654,8265.jpg,0
5655,8266.jpg,0
5656,8267.jpg,0
5657,8268.jpg,0
5658,8269.jpg,0
5659,8270.jpg,0
5660,8271.jpg,0
5661,8272.jpg,0
5662,8273.jpg,0
5663,8274.jpg,0
5664,8275.jpg,0
5665,8276.jpg,0
5666,8277.jpg,0
5667,8278.jpg,0
5668,8279.jpg,0
5669,8280.jpg,0
5670,8281.jpg,0
5671,8282.jpg,0
5672,8283.jpg,0
5673,8284.jpg,0
5674,8285.jpg,0
5675,8286.jpg,0
5676,8287.jpg,0
5677,8288.jpg,0
5678,8289.jpg,0
5679,8290.jpg,0
5680,8291.jpg,0
5681,8292.jpg,0
5682,8293.jpg,0
5683,8294.jpg,0
5684,8295.jpg,0
5685,8296.jpg,0
5686,8297.jpg,0
5687,8298.jpg,0
5688,8299.jpg,0
5689,8300.jpg,0
5690,8301.jpg,0
5691,8302.jpg,0
5692,8303.jpg,0
5693,8304.jpg,0
5694,8305.jpg,0
5695,8306.jpg,0
5696,8307.jpg,0
5697,8308.jpg,0
5698,8309.jpg,0
5699,8310.jpg,0
5700,8311.jpg,0
5701,8312.jpg,0
5702,8313.jpg,0
5703,8314.jpg,0
5704,8315.jpg,0
5705,8316.jpg,0
5706,8317.jpg,0
5707,8318.jpg,0
5708,8319.jpg,0
5709,8320.jpg,0
5710,8321.jpg,0
5711,8322.jpg,0
5712,8323.jpg,0
5713,8324.jpg,0
5714,8325.jpg,0
5715,8326.jpg,0
5716,8327.jpg,0
5717,8328.jpg,0
5718,8329.jpg,0
5719,8330.jpg,0
5720,8331.jpg,0
5721,8332.jpg,0
5722,8333.jpg,0
5723,8334.jpg,0
5724,8335.jpg,0
5725,8336.jpg,0
5726,8337.jpg,0
5727,8338.jpg,0
5728,8339.jpg,0
5729,8340.jpg,0
5730,8341.jpg,0
5731,8342.jpg,0
5732,8343.jpg,0
5733,8344.jpg,0
5734,8345.jpg,0
5735,8346.jpg,0
5736,8347.jpg,0
5737,8348.jpg,0
5738,8349.jpg,0
5739,8350.jpg,0
5740,8351.jpg,0
5741,8352.jpg,0
5742,8353.jpg,0
5743,8354.jpg,0
5744,8355.jpg,0
5745,8356.jpg,0
5746,8357.jpg,0
5747,8358.jpg,0
5748,8359.jpg,0
5749,8360.jpg,0
5750,8361.jpg,0
5751,8362.jpg,0
5752,8363.jpg,0
5753,8364.jpg,0
5754,8365.jpg,0
5755,8366.jpg,0
5756,8367.jpg,0
5757,8368.jpg,0
5758,8369.jpg,0
5759,8370.jpg,0
5760,8371.jpg,0
5761,8372.jpg,0
5762,8373.jpg,0
5763,8374.jpg,0
5764,8375.jpg,0
5765,8376.jpg,0
5766,8377.jpg,0
5767,8378.jpg,0
5768,8379.jpg,0
5769,8380.jpg,0
5770,8381.jpg,0
5771,8382.jpg,0
5772,8383.jpg,0
5773,8384.jpg,0
5774,8385.jpg,0
5775,8386.jpg,0
5776,8387.jpg,0
5777,8388.jpg,0
5778,8389.jpg,0
5779,8390.jpg,0
5780,8391.jpg,0
5781,8392.jpg,0
5782,8393.jpg,0
5783,8394.jpg,0
5784,8395.jpg,0
5785,8396.jpg,0
5786,8397.jpg,0
5787,8398.jpg,0
5788,8399.jpg,0
5789,8400.jpg,0
5790,8401.jpg,0
5791,8402.jpg,0
5792,8403.jpg,0
5793,8404.jpg,0
5794,8405.jpg,0
5795,8406.jpg,0
5796,8407.jpg,0
5797,8408.jpg,0
5798,8409.jpg,0
5799,8410.jpg,0
5800,8411.jpg,0
5801,8412.jpg,0
5802,8413.jpg,0
5803,8414.jpg,0
5804,8415.jpg,0
5805,8416.jpg,0
5806,8417.jpg,0
5807,8418.jpg,0
5808,8419.jpg,0
5809,8420.jpg,0
5810,8421.jpg,0
5811,8422.jpg,0
5812,8423.jpg,0
5813,8424.jpg,0
5814,8425.jpg,0
5815,8426.jpg,0
5816,8427.jpg,0
5817,8428.jpg,0
5818,8429.jpg,0
5819,8430.jpg,0
5820,8431.jpg,0
5821,8432.jpg,0
5822,8433.jpg,0
5823,8434.jpg,0
5824,8435.jpg,0
5825,8436.jpg,0
5826,8437.jpg,0
5827,8438.jpg,0
5828,8439.jpg,0
5829,8440.jpg,0
5830,8441.jpg,0
5831,8442.jpg,0
5832,8443.jpg,0
5833,8444.jpg,0
5834,8445.jpg,0
5835,8446.jpg,0
5836,8447.jpg,0
5837,8448.jpg,0
5838,8449.jpg,0
5839,8450.jpg,0
5840,8451.jpg,0
5841,8452.jpg,0
5842,8453.jpg,0
5843,8454.jpg,0
5844,8455.jpg,0
5845,8456.jpg,0
5846,8457.jpg,0
5847,8458.jpg,0
5848,8459.jpg,0
5849,8460.jpg,0
5850,8461.jpg,0
5851,8462.jpg,0
5852,8463.jpg,0
5853,8464.jpg,0
5854,8465.jpg,0
5855,8466.jpg,0
5856,8467.jpg,0
5857,8468.jpg,0
5858,8469.jpg,0
5859,8470.jpg,0
5860,8471.jpg,0
5861,8472.jpg,0
5862,8473.jpg,0
5863,8474.jpg,0
5864,8475.jpg,0
5865,8476.jpg,0
5866,8477.jpg,0
5867,8478.jpg,0
5868,8479.jpg,0
5869,8480.jpg,0
5870,8481.jpg,0
5871,8482.jpg,0
5872,8483.jpg,0
5873,8484.jpg,0
5874,8485.jpg,0
5875,8486.jpg,0
5876,8487.jpg,0
5877,8488.jpg,0
5878,8489.jpg,0
5879,8490.jpg,0
5880,8491.jpg,0
5881,8492.jpg,0
5882,8493.jpg,0
5883,8494.jpg,0
5884,8495.jpg,0
5885,8496.jpg,0
5886,8497.jpg,0
5887,8498.jpg,0
5888,8499.jpg,0
5889,8500.jpg,0
5890,8501.jpg,0
5891,8502.jpg,0
5892,8503.jpg,0
5893,8504.jpg,0
5894,8505.jpg,0
5895,8506.jpg,0
5896,8507.jpg,0
5897,8508.jpg,0
5898,8509.jpg,0
5899,8510.jpg,0
5900,8511.jpg,0
5901,8512.jpg,0
5902,8513.jpg,0
5903,8514.jpg,0
5904,8515.jpg,0
5905,8516.jpg,0
5906,8517.jpg,0
5907,8518.jpg,0
5908,8519.jpg,0
5909,8520.jpg,0
5910,8521.jpg,0
5911,8522.jpg,0
5912,8523.jpg,0
5913,8524.jpg,0
5914,8525.jpg,0
5915,8526.jpg,0
5916,8527.jpg,0
5917,8528.jpg,0
5918,8529.jpg,0
5919,8530.jpg,0
5920,8531.jpg,0
5921,8532.jpg,0
5922,8533.jpg,0
5923,8534.jpg,0
5924,8535.jpg,0
5925,8536.jpg,0
5926,8537.jpg,0
5927,8538.jpg,0
5928,8539.jpg,0
5929,8540.jpg,0
5930,8541.jpg,0
5931,8542.jpg,0
5932,8543.jpg,0
5933,8544.jpg,0
5934,8545.jpg,0
5935,8546.jpg,0
5936,8547.jpg,0
5937,8548.jpg,0
5938,8549.jpg,0
5939,8550.jpg,0
5940,8551.jpg,0
5941,8552.jpg,0
5942,8553.jpg,0
5943,8554.jpg,0
5944,8555.jpg,0
5945,8556.jpg,0
5946,8557.jpg,0
5947,8558.jpg,0
5948,8559.jpg,0
5949,8560.jpg,0
5950,8561.jpg,0
5951,8562.jpg,0
5952,8563.jpg,0
5953,8564.jpg,0
5954,8565.jpg,0
5955,8566.jpg,0
5956,8567.jpg,0
5957,8568.jpg,0
5958,8569.jpg,0
5959,8570.jpg,0
5960,8571.jpg,0
5961,8572.jpg,0
5962,8573.jpg,0
5963,8574.jpg,0
5964,8575.jpg,0
5965,8576.jpg,0
5966,8577.jpg,0
5967,8578.jpg,0
5968,8579.jpg,0
5969,8580.jpg,0
5970,8581.jpg,0
5971,8582.jpg,0
5972,8583.jpg,0
5973,8584.jpg,0
5974,8585.jpg,0
5975,8586.jpg,0
5976,8587.jpg,0
5977,8588.jpg,0
5978,8589.jpg,0
5979,8590.jpg,0
5980,8591.jpg,0
5981,8592.jpg,0
5982,8593.jpg,0
5983,8594.jpg,0
5984,8595.jpg,0
5985,8596.jpg,0
5986,8597.jpg,0
5987,8598.jpg,0
5988,8599.jpg,0
5989,8600.jpg,0
5990,8601.jpg,0
5991,8602.jpg,0
5992,8603.jpg,0
5993,8604.jpg,0
5994,8605.jpg,0
5995,8606.jpg,0
5996,8607.jpg,0
5997,8608.jpg,0
5998,8609.jpg,0
5999,8610.jpg,0
6000,8611.jpg,0
6001,8612.jpg,0
6002,8613.jpg,0
6003,8614.jpg,0
6004,8615.jpg,0
6005,8616.jpg,0
6006,8617.jpg,0
6007,8618.jpg,0
6008,8619.jpg,0
6009,8620.jpg,0
